#include "appIcon.hpp"
#include <SDL3/SDL.h>

unsigned char AppIcon_data[] = {
  0x00, 0x00, 0x00, 0x00, 0x00, 0x00, 0x00, 0x00, 0x00, 0x00, 0x00, 0x00,
  0x00, 0x00, 0x00, 0x00, 0x00, 0x00, 0x00, 0x00, 0x00, 0x00, 0x00, 0x00,
  0x00, 0x00, 0x00, 0x00, 0x00, 0x00, 0x00, 0x00, 0x00, 0x00, 0x00, 0x00,
  0x00, 0x00, 0x00, 0x00, 0x00, 0x00, 0x00, 0x00, 0x00, 0x00, 0x00, 0x00,
  0x00, 0x00, 0x00, 0x00, 0x00, 0x00, 0x00, 0x00, 0x00, 0x00, 0x00, 0x00,
  0x00, 0x00, 0x00, 0x00, 0x00, 0x00, 0x00, 0x00, 0x00, 0x00, 0x00, 0x00,
  0x00, 0x00, 0x00, 0x00, 0x00, 0x00, 0x00, 0x00, 0x00, 0x00, 0x00, 0x00,
  0x00, 0x00, 0x00, 0x00, 0x00, 0x00, 0x00, 0x00, 0x00, 0x00, 0x00, 0x00,
  0x00, 0x00, 0x00, 0x00, 0x00, 0x00, 0x00, 0x00, 0x00, 0x00, 0x00, 0x00,
  0x00, 0x00, 0x00, 0x00, 0x00, 0x00, 0x00, 0x00, 0x00, 0x00, 0x00, 0x00,
  0x00, 0x00, 0x00, 0x00, 0x00, 0x00, 0x00, 0x00, 0x00, 0x00, 0x00, 0x00,
  0x00, 0x00, 0x00, 0x00, 0x00, 0x00, 0x00, 0x00, 0x00, 0x00, 0x00, 0x00,
  0x00, 0x00, 0x00, 0x00, 0x00, 0x00, 0x00, 0x00, 0x00, 0x00, 0x00, 0x00,
  0x00, 0x00, 0x00, 0x00, 0x00, 0x00, 0x00, 0x00, 0x00, 0x00, 0x00, 0x00,
  0x00, 0x00, 0x00, 0x00, 0x00, 0x00, 0x00, 0x00, 0x00, 0x00, 0x00, 0x00,
  0x00, 0x00, 0x00, 0x00, 0x00, 0x00, 0x00, 0x00, 0x00, 0x00, 0x00, 0x00,
  0x00, 0x00, 0x00, 0x00, 0x00, 0x00, 0x00, 0x00, 0x00, 0x00, 0x00, 0x00,
  0x00, 0x00, 0x00, 0x00, 0x00, 0x00, 0x00, 0x00, 0x00, 0x00, 0x00, 0x00,
  0x00, 0x00, 0x00, 0x00, 0x00, 0x00, 0x00, 0x00, 0x00, 0x00, 0x00, 0x00,
  0x00, 0x00, 0x00, 0x00, 0x00, 0x00, 0x00, 0x00, 0x00, 0x00, 0x00, 0x00,
  0x00, 0x00, 0x00, 0x00, 0x00, 0x00, 0x00, 0x00, 0x00, 0x00, 0x00, 0x00,
  0x00, 0x00, 0x00, 0x00, 0x00, 0x00, 0x00, 0x00, 0x00, 0x00, 0x00, 0x00,
  0x00, 0x00, 0x00, 0x00, 0x00, 0x00, 0x00, 0x00, 0x00, 0x00, 0x00, 0x00,
  0x00, 0x00, 0x00, 0x00, 0x00, 0x00, 0x00, 0x00, 0x00, 0x00, 0x00, 0x00,
  0x00, 0x00, 0x00, 0x00, 0x00, 0x00, 0x00, 0x00, 0x00, 0x00, 0x00, 0x00,
  0x00, 0x00, 0x00, 0x00, 0x00, 0x00, 0x00, 0x00, 0x00, 0x00, 0x00, 0x00,
  0x00, 0x00, 0x00, 0x00, 0x00, 0x00, 0x00, 0x00, 0x00, 0x00, 0x00, 0x00,
  0x00, 0x00, 0x00, 0x00, 0x00, 0x00, 0x00, 0x00, 0x00, 0x00, 0x00, 0x00,
  0x00, 0x00, 0x00, 0x00, 0x00, 0x00, 0x00, 0x00, 0x00, 0x00, 0x00, 0x00,
  0x00, 0x00, 0x00, 0x00, 0x00, 0x00, 0x00, 0x00, 0x95, 0x93, 0x00, 0x00,
  0xba, 0x8b, 0x07, 0x00, 0xb5, 0x95, 0x1c, 0x00, 0xa9, 0x81, 0x0e, 0x00,
  0xcd, 0x9f, 0x11, 0x00, 0xde, 0xac, 0x12, 0x00, 0xe1, 0xae, 0x13, 0x00,
  0xe1, 0xae, 0x13, 0x00, 0xde, 0xac, 0x12, 0x00, 0xdf, 0xad, 0x12, 0x00,
  0xda, 0xa9, 0x12, 0x00, 0xe7, 0xb7, 0x0d, 0x00, 0xe0, 0xa9, 0x14, 0x00,
  0xe5, 0xc3, 0x00, 0x00, 0x00, 0x00, 0x00, 0x00, 0x00, 0x00, 0x00, 0x00,
  0x00, 0x00, 0x00, 0x00, 0x00, 0x00, 0x00, 0x00, 0x00, 0x00, 0x00, 0x00,
  0x00, 0x00, 0x00, 0x00, 0x00, 0x00, 0x00, 0x00, 0x00, 0x00, 0x00, 0x00,
  0x00, 0x00, 0x00, 0x00, 0x00, 0x00, 0x00, 0x00, 0x00, 0x00, 0x00, 0x00,
  0x00, 0x00, 0x00, 0x00, 0x00, 0x00, 0x00, 0x00, 0x00, 0x00, 0x00, 0x00,
  0x00, 0x00, 0x00, 0x00, 0x00, 0x00, 0x00, 0x00, 0x00, 0x00, 0x00, 0x00,
  0x00, 0x00, 0x00, 0x00, 0x00, 0x00, 0x00, 0x00, 0x00, 0x00, 0x00, 0x00,
  0x00, 0x00, 0x00, 0x00, 0x00, 0x00, 0x00, 0x00, 0x00, 0x00, 0x00, 0x00,
  0x00, 0x00, 0x00, 0x00, 0x00, 0x00, 0x00, 0x00, 0x00, 0x00, 0x00, 0x00,
  0x00, 0x00, 0x00, 0x00, 0x00, 0x00, 0x00, 0x00, 0x00, 0x00, 0x00, 0x00,
  0x00, 0x00, 0x00, 0x00, 0x00, 0x00, 0x00, 0x00, 0x00, 0x00, 0x00, 0x00,
  0x00, 0x00, 0x00, 0x00, 0x00, 0x00, 0x00, 0x00, 0x00, 0x00, 0x00, 0x00,
  0x00, 0x00, 0x00, 0x00, 0x00, 0x00, 0x00, 0x00, 0x00, 0x00, 0x00, 0x00,
  0x00, 0x00, 0x00, 0x00, 0x00, 0x00, 0x00, 0x00, 0x00, 0x00, 0x00, 0x00,
  0x00, 0x00, 0x00, 0x00, 0x00, 0x00, 0x00, 0x00, 0x00, 0x00, 0x00, 0x00,
  0x00, 0x00, 0x00, 0x00, 0x00, 0x00, 0x00, 0x00, 0x47, 0x16, 0x00, 0x00,
  0xb7, 0x8d, 0x11, 0x00, 0xcd, 0xa8, 0x08, 0x00, 0xaa, 0x7b, 0x16, 0x00,
  0xa9, 0x7c, 0x15, 0x00, 0xb8, 0x8d, 0x12, 0x00, 0xc2, 0x97, 0x10, 0x00,
  0xcd, 0xa0, 0x10, 0x00, 0xb0, 0x86, 0x0e, 0x01, 0xe1, 0xae, 0x12, 0x09,
  0xe1, 0xaf, 0x13, 0x0d, 0xe2, 0xaf, 0x13, 0x0c, 0xdf, 0xad, 0x12, 0x09,
  0xdf, 0xad, 0x12, 0x05, 0xff, 0xff, 0x3b, 0x00, 0xdb, 0xaa, 0x12, 0x00,
  0xdd, 0xac, 0x12, 0x00, 0xde, 0xac, 0x13, 0x00, 0xdf, 0xad, 0x13, 0x00,
  0xdc, 0xab, 0x12, 0x00, 0xde, 0xac, 0x12, 0x00, 0xba, 0xa2, 0x00, 0x00,
  0x00, 0x00, 0x00, 0x00, 0x00, 0x00, 0x00, 0x00, 0x00, 0x00, 0x00, 0x00,
  0x00, 0x00, 0x00, 0x00, 0x00, 0x00, 0x00, 0x00, 0x00, 0x00, 0x00, 0x00,
  0x00, 0x00, 0x00, 0x00, 0x00, 0x00, 0x00, 0x00, 0x00, 0x00, 0x00, 0x00,
  0x00, 0x00, 0x00, 0x00, 0x00, 0x00, 0x00, 0x00, 0x00, 0x00, 0x00, 0x00,
  0x00, 0x00, 0x00, 0x00, 0x00, 0x00, 0x00, 0x00, 0x00, 0x00, 0x00, 0x00,
  0x00, 0x00, 0x00, 0x00, 0x00, 0x00, 0x00, 0x00, 0x00, 0x00, 0x00, 0x00,
  0x00, 0x00, 0x00, 0x00, 0x00, 0x00, 0x00, 0x00, 0x00, 0x00, 0x00, 0x00,
  0x00, 0x00, 0x00, 0x00, 0x00, 0x00, 0x00, 0x00, 0x00, 0x00, 0x00, 0x00,
  0x00, 0x00, 0x00, 0x00, 0x00, 0x00, 0x00, 0x00, 0x00, 0x00, 0x00, 0x00,
  0x00, 0x00, 0x00, 0x00, 0x00, 0x00, 0x00, 0x00, 0x00, 0x00, 0x00, 0x00,
  0x00, 0x00, 0x00, 0x00, 0x00, 0x00, 0x00, 0x00, 0x00, 0x00, 0x00, 0x00,
  0x00, 0x00, 0x00, 0x00, 0x00, 0x00, 0x00, 0x00, 0x00, 0x00, 0x00, 0x00,
  0x00, 0x00, 0x00, 0x00, 0x00, 0x00, 0x00, 0x00, 0x00, 0x00, 0x00, 0x00,
  0xdd, 0xbb, 0x00, 0x00, 0xe2, 0xb0, 0x12, 0x00, 0xff, 0xcb, 0x14, 0x00,
  0xdd, 0xac, 0x12, 0x00, 0xc6, 0x9a, 0x11, 0x00, 0xb4, 0x8a, 0x10, 0x00,
  0xaa, 0x7c, 0x17, 0x03, 0xa9, 0x7b, 0x15, 0x11, 0xba, 0x8e, 0x11, 0x2e,
  0xc0, 0x94, 0x10, 0x56, 0xbb, 0x91, 0x10, 0x73, 0xc6, 0x99, 0x10, 0x78,
  0xd7, 0xa6, 0x12, 0xb8, 0xdd, 0xab, 0x12, 0xc4, 0xde, 0xac, 0x12, 0xbd,
  0xdd, 0xac, 0x12, 0xb4, 0xdc, 0xab, 0x12, 0xaf, 0xdb, 0xaa, 0x12, 0x9a,
  0xde, 0xac, 0x12, 0x7c, 0xde, 0xac, 0x12, 0x55, 0xdf, 0xad, 0x13, 0x2f,
  0xdf, 0xad, 0x12, 0x0f, 0x9a, 0x77, 0x0e, 0x00, 0xb9, 0x8e, 0x10, 0x00,
  0xb5, 0x8a, 0x12, 0x00, 0xbc, 0x99, 0x11, 0x00, 0xb6, 0x88, 0x11, 0x00,
  0x00, 0x00, 0x00, 0x00, 0x00, 0x00, 0x00, 0x00, 0x00, 0x00, 0x00, 0x00,
  0x00, 0x00, 0x00, 0x00, 0x00, 0x00, 0x00, 0x00, 0x00, 0x00, 0x00, 0x00,
  0x00, 0x00, 0x00, 0x00, 0x00, 0x00, 0x00, 0x00, 0x00, 0x00, 0x00, 0x00,
  0x00, 0x00, 0x00, 0x00, 0x00, 0x00, 0x00, 0x00, 0x00, 0x00, 0x00, 0x00,
  0x00, 0x00, 0x00, 0x00, 0x00, 0x00, 0x00, 0x00, 0x00, 0x00, 0x00, 0x00,
  0x00, 0x00, 0x00, 0x00, 0x00, 0x00, 0x00, 0x00, 0x00, 0x00, 0x00, 0x00,
  0x00, 0x00, 0x00, 0x00, 0x00, 0x00, 0x00, 0x00, 0x00, 0x00, 0x00, 0x00,
  0x00, 0x00, 0x00, 0x00, 0x00, 0x00, 0x00, 0x00, 0x00, 0x00, 0x00, 0x00,
  0x00, 0x00, 0x00, 0x00, 0x00, 0x00, 0x00, 0x00, 0x00, 0x00, 0x00, 0x00,
  0x00, 0x00, 0x00, 0x00, 0x00, 0x00, 0x00, 0x00, 0x00, 0x00, 0x00, 0x00,
  0x00, 0x00, 0x00, 0x00, 0x00, 0x00, 0x00, 0x00, 0x00, 0x00, 0x00, 0x00,
  0x00, 0x00, 0x00, 0x00, 0x00, 0x00, 0x00, 0x00, 0xff, 0xff, 0x00, 0x00,
  0xcf, 0xa1, 0x11, 0x00, 0xb6, 0x8e, 0x0e, 0x00, 0xd5, 0xa6, 0x12, 0x00,
  0xd9, 0xa8, 0x12, 0x00, 0xde, 0xac, 0x12, 0x11, 0xc6, 0x9a, 0x10, 0x37,
  0xb9, 0x8f, 0x10, 0x56, 0xaf, 0x82, 0x14, 0x4a, 0xa8, 0x79, 0x17, 0x57,
  0xb7, 0x8b, 0x12, 0x91, 0xc6, 0x99, 0x11, 0xcc, 0xc3, 0x97, 0x10, 0xc7,
  0xc9, 0x9c, 0x11, 0xc9, 0xd1, 0xa2, 0x11, 0xf7, 0xda, 0xa9, 0x12, 0xfc,
  0xdd, 0xab, 0x12, 0xf9, 0xdd, 0xab, 0x12, 0xf4, 0xda, 0xa9, 0x12, 0xfc,
  0xdc, 0xab, 0x12, 0xff, 0xdb, 0xaa, 0x12, 0xfe, 0xd9, 0xa8, 0x12, 0xf8,
  0xdd, 0xac, 0x12, 0xe8, 0xdc, 0xaa, 0x12, 0xc4, 0xcb, 0x9d, 0x11, 0x6a,
  0xb5, 0x8b, 0x10, 0x21, 0xb2, 0x86, 0x13, 0x05, 0xac, 0x7f, 0x15, 0x00,
  0xa7, 0x76, 0x19, 0x00, 0xa8, 0x77, 0x18, 0x00, 0x7a, 0x50, 0x08, 0x00,
  0x00, 0x00, 0x00, 0x00, 0x00, 0x00, 0x00, 0x00, 0x00, 0x00, 0x00, 0x00,
  0x00, 0x00, 0x00, 0x00, 0x00, 0x00, 0x00, 0x00, 0x00, 0x00, 0x00, 0x00,
  0x00, 0x00, 0x00, 0x00, 0x00, 0x00, 0x00, 0x00, 0x00, 0x00, 0x00, 0x00,
  0x00, 0x00, 0x00, 0x00, 0x00, 0x00, 0x00, 0x00, 0x00, 0x00, 0x00, 0x00,
  0x00, 0x00, 0x00, 0x00, 0x00, 0x00, 0x00, 0x00, 0x00, 0x00, 0x00, 0x00,
  0x00, 0x00, 0x00, 0x00, 0x00, 0x00, 0x00, 0x00, 0x00, 0x00, 0x00, 0x00,
  0x00, 0x00, 0x00, 0x00, 0x00, 0x00, 0x00, 0x00, 0x00, 0x00, 0x00, 0x00,
  0x00, 0x00, 0x00, 0x00, 0x00, 0x00, 0x00, 0x00, 0x00, 0x00, 0x00, 0x00,
  0x00, 0x00, 0x00, 0x00, 0x00, 0x00, 0x00, 0x00, 0x00, 0x00, 0x00, 0x00,
  0x00, 0x00, 0x00, 0x00, 0x00, 0x00, 0x00, 0x00, 0x00, 0x00, 0x00, 0x00,
  0x00, 0x00, 0x00, 0x00, 0x00, 0x00, 0x00, 0x00, 0xa4, 0xa4, 0x00, 0x00,
  0xcd, 0x9f, 0x11, 0x00, 0xcf, 0xa1, 0x11, 0x00, 0xc8, 0x9b, 0x11, 0x00,
  0xd6, 0xa6, 0x12, 0x1f, 0xde, 0xac, 0x13, 0x72, 0xdd, 0xab, 0x12, 0xc5,
  0xcb, 0x9d, 0x11, 0xda, 0xb8, 0x8d, 0x10, 0xbb, 0xac, 0x7f, 0x14, 0x94,
  0xa9, 0x7a, 0x17, 0x83, 0xa9, 0x7a, 0x17, 0x6f, 0xb2, 0x86, 0x14, 0x7a,
  0xb8, 0x8d, 0x11, 0xa4, 0xb6, 0x8b, 0x11, 0xa3, 0xc5, 0x98, 0x11, 0xcf,
  0xd5, 0xa5, 0x12, 0xf1, 0xdd, 0xab, 0x12, 0xfb, 0xdd, 0xab, 0x12, 0xf6,
  0xdb, 0xa9, 0x12, 0xf2, 0xdc, 0xab, 0x12, 0xfc, 0xd9, 0xa8, 0x12, 0xfc,
  0xd9, 0xa8, 0x12, 0xfc, 0xdd, 0xab, 0x12, 0xfd, 0xdc, 0xab, 0x12, 0xfd,
  0xcd, 0x9f, 0x11, 0xd9, 0xb5, 0x8a, 0x11, 0x98, 0xb5, 0x8a, 0x11, 0x7c,
  0xad, 0x80, 0x14, 0x3b, 0xa0, 0x6b, 0x1d, 0x04, 0xa8, 0x78, 0x18, 0x00,
  0xa8, 0x7a, 0x16, 0x00, 0xae, 0x72, 0x1c, 0x00, 0x00, 0x00, 0x00, 0x00,
  0x00, 0x00, 0x00, 0x00, 0x00, 0x00, 0x00, 0x00, 0x00, 0x00, 0x00, 0x00,
  0x00, 0x00, 0x00, 0x00, 0x00, 0x00, 0x00, 0x00, 0x00, 0x00, 0x00, 0x00,
  0x00, 0x00, 0x00, 0x00, 0x00, 0x00, 0x00, 0x00, 0x00, 0x00, 0x00, 0x00,
  0x00, 0x00, 0x00, 0x00, 0x00, 0x00, 0x00, 0x00, 0x00, 0x00, 0x00, 0x00,
  0x00, 0x00, 0x00, 0x00, 0x00, 0x00, 0x00, 0x00, 0x00, 0x00, 0x00, 0x00,
  0x00, 0x00, 0x00, 0x00, 0x00, 0x00, 0x00, 0x00, 0x00, 0x00, 0x00, 0x00,
  0x00, 0x00, 0x00, 0x00, 0x00, 0x00, 0x00, 0x00, 0x00, 0x00, 0x00, 0x00,
  0x00, 0x00, 0x00, 0x00, 0x00, 0x00, 0x00, 0x00, 0x00, 0x00, 0x00, 0x00,
  0x00, 0x00, 0x00, 0x00, 0x00, 0x00, 0x00, 0x00, 0x00, 0x00, 0x00, 0x00,
  0x00, 0x00, 0x00, 0x00, 0x00, 0x00, 0x00, 0x00, 0x00, 0x00, 0x00, 0x00,
  0xa2, 0xa2, 0x00, 0x00, 0xcd, 0x9f, 0x11, 0x00, 0xcf, 0xa1, 0x11, 0x14,
  0xc3, 0x97, 0x10, 0x5a, 0xcc, 0x9e, 0x11, 0xc0, 0xda, 0xa9, 0x12, 0xfd,
  0xd6, 0xa6, 0x12, 0xf6, 0xbc, 0x90, 0x11, 0xce, 0xb6, 0x8b, 0x11, 0xbb,
  0xaf, 0x83, 0x13, 0xb3, 0xad, 0x80, 0x14, 0xa6, 0xa8, 0x78, 0x18, 0x56,
  0xa8, 0x79, 0x18, 0x4c, 0xad, 0x81, 0x14, 0x6c, 0xac, 0x7d, 0x16, 0x70,
  0xb2, 0x86, 0x13, 0xa4, 0xc0, 0x94, 0x11, 0xd1, 0xd9, 0xa8, 0x12, 0xf4,
  0xde, 0xac, 0x12, 0xfc, 0xdf, 0xad, 0x12, 0xf1, 0xde, 0xac, 0x13, 0xfa,
  0xdd, 0xab, 0x12, 0xfc, 0xdd, 0xab, 0x12, 0xfa, 0xdc, 0xaa, 0x12, 0xf7,
  0xdc, 0xaa, 0x12, 0xf4, 0xda, 0xa9, 0x12, 0xf4, 0xcb, 0x9e, 0x11, 0xd5,
  0xbc, 0x91, 0x11, 0xbe, 0xad, 0x81, 0x14, 0x99, 0xaa, 0x7b, 0x17, 0x37,
  0x9f, 0x6b, 0x1d, 0x02, 0xac, 0x7f, 0x15, 0x00, 0xb6, 0x94, 0x0b, 0x00,
  0x00, 0x00, 0x00, 0x00, 0x00, 0x00, 0x00, 0x00, 0x00, 0x00, 0x00, 0x00,
  0x00, 0x00, 0x00, 0x00, 0x00, 0x00, 0x00, 0x00, 0x00, 0x00, 0x00, 0x00,
  0x00, 0x00, 0x00, 0x00, 0x00, 0x00, 0x00, 0x00, 0x00, 0x00, 0x00, 0x00,
  0x00, 0x00, 0x00, 0x00, 0x00, 0x00, 0x00, 0x00, 0x00, 0x00, 0x00, 0x00,
  0x00, 0x00, 0x00, 0x00, 0x00, 0x00, 0x00, 0x00, 0x00, 0x00, 0x00, 0x00,
  0x00, 0x00, 0x00, 0x00, 0x00, 0x00, 0x00, 0x00, 0x00, 0x00, 0x00, 0x00,
  0x00, 0x00, 0x00, 0x00, 0x00, 0x00, 0x00, 0x00, 0x00, 0x00, 0x00, 0x00,
  0x00, 0x00, 0x00, 0x00, 0x00, 0x00, 0x00, 0x00, 0x00, 0x00, 0x00, 0x00,
  0x00, 0x00, 0x00, 0x00, 0x00, 0x00, 0x00, 0x00, 0x00, 0x00, 0x00, 0x00,
  0x00, 0x00, 0x00, 0x00, 0x00, 0x00, 0x00, 0x00, 0x00, 0x00, 0x00, 0x00,
  0x00, 0x00, 0x00, 0x00, 0xb1, 0xb1, 0x00, 0x00, 0xca, 0x9c, 0x11, 0x00,
  0xcc, 0x9e, 0x11, 0x2a, 0xc5, 0x99, 0x10, 0xc3, 0xc0, 0x95, 0x10, 0xcc,
  0xd1, 0xa2, 0x11, 0xef, 0xcf, 0xa1, 0x11, 0xf3, 0xb6, 0x8b, 0x11, 0xb1,
  0xaf, 0x84, 0x13, 0xae, 0xb8, 0x8d, 0x11, 0xbc, 0xb8, 0x8e, 0x10, 0xc9,
  0xaf, 0x82, 0x14, 0x6e, 0xa7, 0x75, 0x1a, 0x22, 0x9e, 0x6c, 0x1c, 0x0e,
  0x69, 0x49, 0x19, 0x53, 0x70, 0x54, 0x14, 0x9d, 0xb1, 0x88, 0x11, 0xac,
  0xca, 0x9d, 0x11, 0xcc, 0xb2, 0x8a, 0x13, 0xf4, 0x76, 0x5d, 0x14, 0xf7,
  0xa0, 0x7d, 0x13, 0xeb, 0xd9, 0xa8, 0x12, 0xf2, 0xdd, 0xab, 0x12, 0xf4,
  0xd5, 0xa5, 0x12, 0xee, 0xcc, 0x9e, 0x11, 0xcf, 0xd4, 0xa4, 0x12, 0xe1,
  0xd9, 0xa8, 0x12, 0xfb, 0xc8, 0x9b, 0x11, 0xd9, 0xb6, 0x8c, 0x11, 0xbe,
  0xb0, 0x84, 0x13, 0xa0, 0xae, 0x81, 0x14, 0x41, 0xaa, 0x7a, 0x18, 0x04,
  0xaa, 0x7a, 0x18, 0x00, 0x00, 0x00, 0x00, 0x00, 0x00, 0x00, 0x00, 0x00,
  0x00, 0x00, 0x00, 0x00, 0x00, 0x00, 0x00, 0x00, 0x00, 0x00, 0x00, 0x00,
  0x00, 0x00, 0x00, 0x00, 0x00, 0x00, 0x00, 0x00, 0x00, 0x00, 0x00, 0x00,
  0x00, 0x00, 0x00, 0x00, 0x00, 0x00, 0x00, 0x00, 0x00, 0x00, 0x00, 0x00,
  0x00, 0x00, 0x00, 0x00, 0x00, 0x00, 0x00, 0x00, 0x00, 0x00, 0x00, 0x00,
  0x00, 0x00, 0x00, 0x00, 0x00, 0x00, 0x00, 0x00, 0x00, 0x00, 0x00, 0x00,
  0x00, 0x00, 0x00, 0x00, 0x00, 0x00, 0x00, 0x00, 0x00, 0x00, 0x00, 0x00,
  0x00, 0x00, 0x00, 0x00, 0x00, 0x00, 0x00, 0x00, 0x00, 0x00, 0x00, 0x00,
  0x00, 0x00, 0x00, 0x00, 0x00, 0x00, 0x00, 0x00, 0x00, 0x00, 0x00, 0x00,
  0x00, 0x00, 0x00, 0x00, 0x00, 0x00, 0x00, 0x00, 0x00, 0x00, 0x00, 0x00,
  0x00, 0x00, 0x00, 0x00, 0x00, 0x00, 0x00, 0x00, 0xac, 0xac, 0x00, 0x00,
  0xbf, 0x95, 0x0f, 0x00, 0xc0, 0x93, 0x11, 0x00, 0xbf, 0x94, 0x10, 0x66,
  0xbc, 0x91, 0x10, 0xbd, 0xc2, 0x96, 0x10, 0xd6, 0xc4, 0x97, 0x11, 0xd8,
  0xb6, 0x8c, 0x10, 0xcb, 0xb3, 0x88, 0x12, 0xbe, 0xb7, 0x8c, 0x11, 0xb7,
  0xb8, 0x8d, 0x10, 0xb7, 0xb8, 0x8d, 0x11, 0xb6, 0xac, 0x7f, 0x15, 0x5b,
  0x71, 0x49, 0x1e, 0x19, 0x3a, 0x26, 0x1a, 0x35, 0x33, 0x26, 0x15, 0x98,
  0x92, 0x70, 0x12, 0xb7, 0xb9, 0x8c, 0x12, 0xa1, 0x78, 0x5d, 0x13, 0xbb,
  0x1a, 0x16, 0x16, 0xcf, 0x5c, 0x48, 0x13, 0xac, 0xca, 0x9d, 0x11, 0xd5,
  0xd3, 0xa3, 0x12, 0xe7, 0xc1, 0x94, 0x11, 0xb1, 0xbb, 0x90, 0x10, 0xbf,
  0xbf, 0x94, 0x10, 0xc3, 0xce, 0xa0, 0x11, 0xf5, 0xc9, 0x9b, 0x11, 0xed,
  0xb8, 0x8d, 0x11, 0xd4, 0xb0, 0x85, 0x13, 0x9c, 0xba, 0x8e, 0x11, 0x48,
  0x9e, 0x6a, 0x1d, 0x01, 0xae, 0x7f, 0x15, 0x00, 0x00, 0x00, 0x00, 0x00,
  0x00, 0x00, 0x00, 0x00, 0x00, 0x00, 0x00, 0x00, 0x00, 0x00, 0x00, 0x00,
  0x00, 0x00, 0x00, 0x00, 0x00, 0x00, 0x00, 0x00, 0x00, 0x00, 0x00, 0x00,
  0x00, 0x00, 0x00, 0x00, 0x00, 0x00, 0x00, 0x00, 0x00, 0x00, 0x00, 0x00,
  0x00, 0x00, 0x00, 0x00, 0x00, 0x00, 0x00, 0x00, 0x00, 0x00, 0x00, 0x00,
  0x00, 0x00, 0x00, 0x00, 0x00, 0x00, 0x00, 0x00, 0x00, 0x00, 0x00, 0x00,
  0x00, 0x00, 0x00, 0x00, 0x00, 0x00, 0x00, 0x00, 0x00, 0x00, 0x00, 0x00,
  0x00, 0x00, 0x00, 0x00, 0x00, 0x00, 0x00, 0x00, 0x00, 0x00, 0x00, 0x00,
  0x00, 0x00, 0x00, 0x00, 0x00, 0x00, 0x00, 0x00, 0x00, 0x00, 0x00, 0x00,
  0x00, 0x00, 0x00, 0x00, 0x00, 0x00, 0x00, 0x00, 0x00, 0x00, 0x00, 0x00,
  0x00, 0x00, 0x00, 0x00, 0x00, 0x00, 0x00, 0x00, 0x00, 0x00, 0x00, 0x00,
  0x00, 0x00, 0x00, 0x00, 0xc5, 0x99, 0x10, 0x00, 0xc8, 0x9b, 0x11, 0x00,
  0xc8, 0x9b, 0x10, 0x1d, 0xc7, 0x9a, 0x11, 0xb3, 0xb9, 0x8e, 0x11, 0xcf,
  0xae, 0x82, 0x13, 0x92, 0xb5, 0x8b, 0x11, 0xbb, 0xba, 0x8f, 0x10, 0xc2,
  0xb3, 0x88, 0x12, 0xc3, 0xb3, 0x87, 0x12, 0xba, 0xc4, 0x98, 0x11, 0xd1,
  0xb2, 0x86, 0x13, 0x97, 0x8d, 0x66, 0x17, 0x3c, 0xf4, 0xca, 0x02, 0x00,
  0x3e, 0x28, 0x1a, 0x38, 0x65, 0x4b, 0x15, 0x8d, 0xaf, 0x83, 0x14, 0x8a,
  0x81, 0x5f, 0x14, 0xa2, 0x2b, 0x1f, 0x16, 0xa4, 0x5d, 0x45, 0x15, 0xb2,
  0xb8, 0x8e, 0x10, 0xb1, 0xbb, 0x91, 0x10, 0xb7, 0xb0, 0x84, 0x13, 0x84,
  0xad, 0x81, 0x14, 0x9e, 0xb4, 0x89, 0x11, 0xa6, 0xbb, 0x90, 0x11, 0xd2,
  0xb4, 0x89, 0x12, 0xbb, 0xb1, 0x86, 0x12, 0xb2, 0xb0, 0x84, 0x13, 0x92,
  0xb7, 0x8b, 0x12, 0x14, 0xb3, 0x88, 0x12, 0x00, 0xaf, 0x80, 0x15, 0x00,
  0x00, 0x00, 0x00, 0x00, 0x00, 0x00, 0x00, 0x00, 0x00, 0x00, 0x00, 0x00,
  0x00, 0x00, 0x00, 0x00, 0x00, 0x00, 0x00, 0x00, 0x00, 0x00, 0x00, 0x00,
  0x00, 0x00, 0x00, 0x00, 0x00, 0x00, 0x00, 0x00, 0x00, 0x00, 0x00, 0x00,
  0x00, 0x00, 0x00, 0x00, 0x00, 0x00, 0x00, 0x00, 0x00, 0x00, 0x00, 0x00,
  0x00, 0x00, 0x00, 0x00, 0x00, 0x00, 0x00, 0x00, 0x00, 0x00, 0x00, 0x00,
  0x00, 0x00, 0x00, 0x00, 0x00, 0x00, 0x00, 0x00, 0x00, 0x00, 0x00, 0x00,
  0x00, 0x00, 0x00, 0x00, 0x00, 0x00, 0x00, 0x00, 0x00, 0x00, 0x00, 0x00,
  0x00, 0x00, 0x00, 0x00, 0x00, 0x00, 0x00, 0x00, 0x00, 0x00, 0x00, 0x00,
  0x00, 0x00, 0x00, 0x00, 0x00, 0x00, 0x00, 0x00, 0x00, 0x00, 0x00, 0x00,
  0x00, 0x00, 0x00, 0x00, 0x00, 0x00, 0x00, 0x00, 0x00, 0x00, 0x00, 0x00,
  0x00, 0x00, 0x00, 0x00, 0x00, 0x00, 0x00, 0x00, 0xdd, 0xdd, 0x00, 0x00,
  0xd6, 0xa5, 0x13, 0x00, 0xbe, 0x93, 0x11, 0x00, 0xbb, 0x90, 0x11, 0x52,
  0xbc, 0x91, 0x11, 0xb7, 0xac, 0x7f, 0x15, 0x7f, 0xb3, 0x87, 0x12, 0xb8,
  0xbc, 0x92, 0x10, 0xb8, 0xb9, 0x8f, 0x10, 0xb9, 0xb8, 0x8d, 0x11, 0xbd,
  0xc5, 0x99, 0x10, 0xc0, 0xb3, 0x88, 0x12, 0xad, 0x94, 0x6b, 0x16, 0x47,
  0xff, 0xe0, 0x07, 0x00, 0x4c, 0x2f, 0x1d, 0x0d, 0x4b, 0x32, 0x1a, 0x37,
  0x9d, 0x75, 0x14, 0x99, 0x84, 0x64, 0x13, 0xc0, 0x2e, 0x20, 0x17, 0xaa,
  0x62, 0x4a, 0x14, 0xc5, 0xb5, 0x8b, 0x10, 0xa9, 0xbf, 0x94, 0x10, 0xbd,
  0xc0, 0x94, 0x11, 0xb5, 0xb1, 0x86, 0x12, 0xad, 0xaf, 0x83, 0x13, 0xb1,
  0xae, 0x83, 0x13, 0xad, 0xa9, 0x7b, 0x17, 0x7d, 0xab, 0x7e, 0x15, 0x87,
  0xac, 0x7f, 0x15, 0x3d, 0xaf, 0x82, 0x15, 0x00, 0x7e, 0x48, 0x1b, 0x00,
  0xdd, 0xac, 0x00, 0x00, 0x00, 0x00, 0x00, 0x00, 0x00, 0x00, 0x00, 0x00,
  0x00, 0x00, 0x00, 0x00, 0x00, 0x00, 0x00, 0x00, 0x00, 0x00, 0x00, 0x00,
  0x00, 0x00, 0x00, 0x00, 0x00, 0x00, 0x00, 0x00, 0x00, 0x00, 0x00, 0x00,
  0x00, 0x00, 0x00, 0x00, 0x00, 0x00, 0x00, 0x00, 0x00, 0x00, 0x00, 0x00,
  0x00, 0x00, 0x00, 0x00, 0x00, 0x00, 0x00, 0x00, 0x00, 0x00, 0x00, 0x00,
  0x00, 0x00, 0x00, 0x00, 0x00, 0x00, 0x00, 0x00, 0x00, 0x00, 0x00, 0x00,
  0x00, 0x00, 0x00, 0x00, 0x00, 0x00, 0x00, 0x00, 0x00, 0x00, 0x00, 0x00,
  0x00, 0x00, 0x00, 0x00, 0x00, 0x00, 0x00, 0x00, 0x00, 0x00, 0x00, 0x00,
  0x00, 0x00, 0x00, 0x00, 0x00, 0x00, 0x00, 0x00, 0x00, 0x00, 0x00, 0x00,
  0x00, 0x00, 0x00, 0x00, 0x00, 0x00, 0x00, 0x00, 0x00, 0x00, 0x00, 0x00,
  0x00, 0x00, 0x00, 0x00, 0x00, 0x00, 0x00, 0x00, 0x00, 0x00, 0x00, 0x00,
  0x00, 0x00, 0x00, 0x00, 0xbe, 0x94, 0x0f, 0x00, 0xb9, 0x8e, 0x10, 0x00,
  0xb8, 0x8e, 0x10, 0x08, 0xbf, 0x93, 0x10, 0x78, 0xb6, 0x8b, 0x11, 0x9a,
  0xaf, 0x83, 0x13, 0x9d, 0xbc, 0x91, 0x10, 0xb3, 0xbe, 0x93, 0x10, 0xbb,
  0xb8, 0x8d, 0x11, 0xb1, 0xb9, 0x8e, 0x11, 0x9a, 0xad, 0x81, 0x14, 0x88,
  0xa6, 0x78, 0x17, 0x13, 0x00, 0x00, 0x5b, 0x00, 0x70, 0x4a, 0x1d, 0x06,
  0x41, 0x2a, 0x1a, 0x2a, 0x74, 0x54, 0x16, 0x69, 0x76, 0x58, 0x14, 0x9b,
  0x2b, 0x1f, 0x16, 0xa3, 0x60, 0x49, 0x13, 0xb6, 0xb1, 0x86, 0x12, 0x94,
  0xb9, 0x8f, 0x10, 0xb2, 0xb6, 0x8b, 0x11, 0xc7, 0xb3, 0x89, 0x11, 0xbe,
  0xae, 0x82, 0x14, 0xaf, 0xb1, 0x86, 0x13, 0xab, 0xaf, 0x83, 0x13, 0xa2,
  0xaa, 0x7c, 0x16, 0x5f, 0xa4, 0x73, 0x1a, 0x04, 0xa8, 0x7a, 0x17, 0x00,
  0xaf, 0x82, 0x12, 0x00, 0x00, 0x00, 0x00, 0x00, 0x00, 0x00, 0x00, 0x00,
  0x00, 0x00, 0x00, 0x00, 0x00, 0x00, 0x00, 0x00, 0x00, 0x00, 0x00, 0x00,
  0x00, 0x00, 0x00, 0x00, 0x00, 0x00, 0x00, 0x00, 0x00, 0x00, 0x00, 0x00,
  0x00, 0x00, 0x00, 0x00, 0x00, 0x00, 0x00, 0x00, 0x00, 0x00, 0x00, 0x00,
  0x00, 0x00, 0x00, 0x00, 0x00, 0x00, 0x00, 0x00, 0x00, 0x00, 0x00, 0x00,
  0x00, 0x00, 0x00, 0x00, 0x00, 0x00, 0x00, 0x00, 0x00, 0x00, 0x00, 0x00,
  0x00, 0x00, 0x00, 0x00, 0x00, 0x00, 0x00, 0x00, 0x00, 0x00, 0x00, 0x00,
  0x00, 0x00, 0x00, 0x00, 0x00, 0x00, 0x00, 0x00, 0x00, 0x00, 0x00, 0x00,
  0x00, 0x00, 0x00, 0x00, 0x00, 0x00, 0x00, 0x00, 0x00, 0x00, 0x00, 0x00,
  0x00, 0x00, 0x00, 0x00, 0x00, 0x00, 0x00, 0x00, 0x00, 0x00, 0x00, 0x00,
  0x00, 0x00, 0x00, 0x00, 0x00, 0x00, 0x00, 0x00, 0x00, 0x00, 0x00, 0x00,
  0x00, 0x00, 0x00, 0x00, 0x00, 0x00, 0x00, 0x00, 0x00, 0x00, 0x00, 0x00,
  0xb6, 0x8c, 0x10, 0x00, 0xb4, 0x8a, 0x11, 0x00, 0xb6, 0x8b, 0x11, 0x34,
  0xb5, 0x8b, 0x11, 0xb8, 0xb5, 0x8a, 0x11, 0xb3, 0xba, 0x8f, 0x11, 0xb4,
  0xc8, 0x9b, 0x11, 0xd7, 0xbe, 0x93, 0x10, 0xae, 0xb6, 0x8c, 0x11, 0x9b,
  0xaa, 0x7c, 0x16, 0x5b, 0xac, 0x75, 0x1d, 0x05, 0x7f, 0x57, 0x1c, 0x00,
  0x00, 0x00, 0x00, 0x00, 0x43, 0x28, 0x1d, 0x07, 0x4c, 0x32, 0x1a, 0x50,
  0x51, 0x3a, 0x17, 0x82, 0x21, 0x1a, 0x15, 0xa7, 0x5d, 0x45, 0x15, 0xa8,
  0xad, 0x80, 0x15, 0x7f, 0xb3, 0x89, 0x11, 0xa4, 0xae, 0x82, 0x13, 0xa8,
  0xbc, 0x90, 0x11, 0xc2, 0xba, 0x8f, 0x11, 0xae, 0xb9, 0x8f, 0x10, 0xb7,
  0xb5, 0x8a, 0x11, 0xaf, 0xaf, 0x83, 0x13, 0x33, 0xaf, 0x83, 0x13, 0x00,
  0xa9, 0x7b, 0x17, 0x00, 0x00, 0x00, 0x00, 0x00, 0x00, 0x00, 0x00, 0x00,
  0x00, 0x00, 0x00, 0x00, 0x00, 0x00, 0x00, 0x00, 0x00, 0x00, 0x00, 0x00,
  0x00, 0x00, 0x00, 0x00, 0x00, 0x00, 0x00, 0x00, 0x00, 0x00, 0x00, 0x00,
  0x00, 0x00, 0x00, 0x00, 0x00, 0x00, 0x00, 0x00, 0x00, 0x00, 0x00, 0x00,
  0x00, 0x00, 0x00, 0x00, 0x00, 0x00, 0x00, 0x00, 0x00, 0x00, 0x00, 0x00,
  0x00, 0x00, 0x00, 0x00, 0x00, 0x00, 0x00, 0x00, 0x00, 0x00, 0x00, 0x00,
  0x00, 0x00, 0x00, 0x00, 0x00, 0x00, 0x00, 0x00, 0x00, 0x00, 0x00, 0x00,
  0x00, 0x00, 0x00, 0x00, 0x00, 0x00, 0x00, 0x00, 0x00, 0x00, 0x00, 0x00,
  0x00, 0x00, 0x00, 0x00, 0x00, 0x00, 0x00, 0x00, 0x00, 0x00, 0x00, 0x00,
  0x00, 0x00, 0x00, 0x00, 0x00, 0x00, 0x00, 0x00, 0x00, 0x00, 0x00, 0x00,
  0x00, 0x00, 0x00, 0x00, 0x00, 0x00, 0x00, 0x00, 0x00, 0x00, 0x00, 0x00,
  0x00, 0x00, 0x00, 0x00, 0x00, 0x00, 0x00, 0x00, 0x00, 0x00, 0x00, 0x00,
  0x00, 0x00, 0x00, 0x00, 0xc8, 0x9c, 0x10, 0x00, 0xc2, 0x96, 0x10, 0x00,
  0xc2, 0x97, 0x10, 0x04, 0xc0, 0x95, 0x10, 0x82, 0xc1, 0x95, 0x11, 0xd6,
  0xbc, 0x91, 0x11, 0xc8, 0xc7, 0x9a, 0x10, 0xda, 0xbe, 0x92, 0x11, 0xb8,
  0xb2, 0x87, 0x12, 0xb3, 0xaf, 0x83, 0x13, 0x94, 0x8f, 0x66, 0x18, 0x26,
  0x31, 0x11, 0x29, 0x02, 0xa3, 0x71, 0x1c, 0x08, 0x87, 0x5e, 0x1a, 0x33,
  0x3a, 0x28, 0x17, 0x87, 0x33, 0x26, 0x15, 0xa9, 0x24, 0x1b, 0x15, 0xad,
  0x5b, 0x46, 0x14, 0xbd, 0xab, 0x7d, 0x16, 0x74, 0xab, 0x7d, 0x16, 0x5b,
  0xaa, 0x7d, 0x16, 0x5d, 0xc1, 0x94, 0x11, 0xc9, 0xcc, 0x9e, 0x11, 0xcc,
  0xc5, 0x99, 0x10, 0xc6, 0xbf, 0x94, 0x10, 0x7b, 0xa8, 0x7f, 0x11, 0x02,
  0xb7, 0x8b, 0x12, 0x00, 0xa6, 0x74, 0x17, 0x00, 0x00, 0x00, 0x00, 0x00,
  0x00, 0x00, 0x00, 0x00, 0x00, 0x00, 0x00, 0x00, 0x00, 0x00, 0x00, 0x00,
  0x00, 0x00, 0x00, 0x00, 0x00, 0x00, 0x00, 0x00, 0x00, 0x00, 0x00, 0x00,
  0x00, 0x00, 0x00, 0x00, 0x00, 0x00, 0x00, 0x00, 0x00, 0x00, 0x00, 0x00,
  0x00, 0x00, 0x00, 0x00, 0x00, 0x00, 0x00, 0x00, 0x00, 0x00, 0x00, 0x00,
  0x00, 0x00, 0x00, 0x00, 0x00, 0x00, 0x00, 0x00, 0x00, 0x00, 0x00, 0x00,
  0x00, 0x00, 0x00, 0x00, 0x00, 0x00, 0x00, 0x00, 0x00, 0x00, 0x00, 0x00,
  0x00, 0x00, 0x00, 0x00, 0x00, 0x00, 0x00, 0x00, 0x00, 0x00, 0x00, 0x00,
  0x00, 0x00, 0x00, 0x00, 0x00, 0x00, 0x00, 0x00, 0x00, 0x00, 0x00, 0x00,
  0x00, 0x00, 0x00, 0x00, 0x00, 0x00, 0x00, 0x00, 0x00, 0x00, 0x00, 0x00,
  0x00, 0x00, 0x00, 0x00, 0x00, 0x00, 0x00, 0x00, 0x00, 0x00, 0x00, 0x00,
  0x00, 0x00, 0x00, 0x00, 0x00, 0x00, 0x00, 0x00, 0x00, 0x00, 0x00, 0x00,
  0x00, 0x00, 0x00, 0x00, 0x00, 0x00, 0x00, 0x00, 0x00, 0x00, 0x00, 0x00,
  0xbc, 0x91, 0x10, 0x00, 0xc1, 0x95, 0x10, 0x00, 0xc1, 0x96, 0x10, 0x27,
  0xca, 0x9c, 0x11, 0xd7, 0xcc, 0x9f, 0x11, 0xee, 0xc1, 0x96, 0x10, 0xca,
  0xc0, 0x94, 0x10, 0xc4, 0xb2, 0x86, 0x12, 0xaa, 0xac, 0x80, 0x14, 0xa1,
  0x84, 0x5e, 0x18, 0x60, 0x39, 0x25, 0x1a, 0x3a, 0x87, 0x64, 0x15, 0x7d,
  0xa9, 0x7c, 0x16, 0x8b, 0x58, 0x3f, 0x17, 0x8e, 0x29, 0x1e, 0x16, 0xb5,
  0x21, 0x19, 0x15, 0xab, 0x5f, 0x4a, 0x13, 0xbc, 0xae, 0x81, 0x15, 0x7f,
  0xa7, 0x77, 0x19, 0x54, 0xa9, 0x7b, 0x17, 0x66, 0xb6, 0x8a, 0x12, 0xa1,
  0xc6, 0x99, 0x10, 0xbc, 0xd4, 0xa4, 0x12, 0xd4, 0xd2, 0xa3, 0x11, 0x31,
  0xd0, 0xa1, 0x12, 0x00, 0xb5, 0x89, 0x12, 0x00, 0x00, 0x00, 0x00, 0x00,
  0x00, 0x00, 0x00, 0x00, 0x00, 0x00, 0x00, 0x00, 0x00, 0x00, 0x00, 0x00,
  0x00, 0x00, 0x00, 0x00, 0x00, 0x00, 0x00, 0x00, 0x00, 0x00, 0x00, 0x00,
  0x00, 0x00, 0x00, 0x00, 0x00, 0x00, 0x00, 0x00, 0x00, 0x00, 0x00, 0x00,
  0x00, 0x00, 0x00, 0x00, 0x00, 0x00, 0x00, 0x00, 0x00, 0x00, 0x00, 0x00,
  0x00, 0x00, 0x00, 0x00, 0x00, 0x00, 0x00, 0x00, 0x00, 0x00, 0x00, 0x00,
  0x00, 0x00, 0x00, 0x00, 0x00, 0x00, 0x00, 0x00, 0x00, 0x00, 0x00, 0x00,
  0x00, 0x00, 0x00, 0x00, 0x00, 0x00, 0x00, 0x00, 0x00, 0x00, 0x00, 0x00,
  0x00, 0x00, 0x00, 0x00, 0x00, 0x00, 0x00, 0x00, 0x00, 0x00, 0x00, 0x00,
  0x00, 0x00, 0x00, 0x00, 0x00, 0x00, 0x00, 0x00, 0x00, 0x00, 0x00, 0x00,
  0x00, 0x00, 0x00, 0x00, 0x00, 0x00, 0x00, 0x00, 0x00, 0x00, 0x00, 0x00,
  0x00, 0x00, 0x00, 0x00, 0x00, 0x00, 0x00, 0x00, 0x00, 0x00, 0x00, 0x00,
  0x00, 0x00, 0x00, 0x00, 0x00, 0x00, 0x00, 0x00, 0x00, 0x00, 0x00, 0x00,
  0x00, 0x00, 0x00, 0x00, 0xc7, 0x9a, 0x0f, 0x00, 0xce, 0xa0, 0x11, 0x00,
  0x8d, 0x6c, 0x11, 0x00, 0xcd, 0x9f, 0x11, 0x82, 0xcc, 0x9e, 0x11, 0xed,
  0xc2, 0x96, 0x10, 0xcd, 0xbc, 0x91, 0x10, 0xa1, 0xb7, 0x8c, 0x11, 0xa5,
  0xb4, 0x89, 0x12, 0xb1, 0x68, 0x4d, 0x15, 0x7a, 0x1e, 0x18, 0x14, 0xac,
  0x79, 0x5e, 0x12, 0xc3, 0xb5, 0x89, 0x12, 0xbe, 0x92, 0x6f, 0x13, 0xb9,
  0x32, 0x25, 0x15, 0xb3, 0x2a, 0x1e, 0x17, 0x7c, 0x5f, 0x48, 0x14, 0x94,
  0xaf, 0x83, 0x13, 0x91, 0xb0, 0x84, 0x13, 0xa8, 0xb1, 0x86, 0x12, 0xa6,
  0xbb, 0x90, 0x10, 0xa8, 0xbb, 0x90, 0x10, 0xa9, 0xcb, 0x9d, 0x11, 0x75,
  0xff, 0xd5, 0x16, 0x02, 0xe1, 0xaf, 0x12, 0x00, 0xc3, 0x9d, 0x08, 0x00,
  0x00, 0x00, 0x00, 0x00, 0x00, 0x00, 0x00, 0x00, 0x00, 0x00, 0x00, 0x00,
  0x00, 0x00, 0x00, 0x00, 0x00, 0x00, 0x00, 0x00, 0x00, 0x00, 0x00, 0x00,
  0x00, 0x00, 0x00, 0x00, 0x00, 0x00, 0x00, 0x00, 0x00, 0x00, 0x00, 0x00,
  0x00, 0x00, 0x00, 0x00, 0x00, 0x00, 0x00, 0x00, 0x00, 0x00, 0x00, 0x00,
  0x00, 0x00, 0x00, 0x00, 0x00, 0x00, 0x00, 0x00, 0x00, 0x00, 0x00, 0x00,
  0x00, 0x00, 0x00, 0x00, 0x00, 0x00, 0x00, 0x00, 0x00, 0x00, 0x00, 0x00,
  0x00, 0x00, 0x00, 0x00, 0x00, 0x00, 0x00, 0x00, 0x00, 0x00, 0x00, 0x00,
  0x00, 0x00, 0x00, 0x00, 0x00, 0x00, 0x00, 0x00, 0x00, 0x00, 0x00, 0x00,
  0x00, 0x00, 0x00, 0x00, 0x00, 0x00, 0x00, 0x00, 0x00, 0x00, 0x00, 0x00,
  0x00, 0x00, 0x00, 0x00, 0x00, 0x00, 0x00, 0x00, 0x00, 0x00, 0x00, 0x00,
  0x00, 0x00, 0x00, 0x00, 0x00, 0x00, 0x00, 0x00, 0x00, 0x00, 0x00, 0x00,
  0x00, 0x00, 0x00, 0x00, 0x00, 0x00, 0x00, 0x00, 0x00, 0x00, 0x00, 0x00,
  0x00, 0x00, 0x00, 0x00, 0x00, 0x00, 0x00, 0x00, 0x00, 0x00, 0x00, 0x00,
  0xca, 0x9d, 0x11, 0x00, 0xc3, 0x97, 0x10, 0x00, 0xc3, 0x97, 0x10, 0x19,
  0xb8, 0x8d, 0x11, 0x97, 0xbe, 0x93, 0x10, 0xc5, 0xcd, 0x9f, 0x11, 0xe5,
  0xc6, 0x99, 0x11, 0xd6, 0xbb, 0x90, 0x10, 0xc1, 0x8d, 0x6c, 0x11, 0xa2,
  0x6f, 0x57, 0x12, 0xdd, 0xaa, 0x84, 0x11, 0xe2, 0xbe, 0x92, 0x10, 0xca,
  0xad, 0x83, 0x12, 0xa7, 0x73, 0x52, 0x17, 0x5f, 0x46, 0x2d, 0x1b, 0x1f,
  0x89, 0x61, 0x19, 0x40, 0xb4, 0x89, 0x12, 0x9d, 0xc2, 0x96, 0x10, 0xd5,
  0xc2, 0x96, 0x10, 0xe6, 0xc1, 0x95, 0x10, 0xc8, 0xba, 0x8f, 0x11, 0x99,
  0xb7, 0x8d, 0x10, 0x15, 0xc0, 0x94, 0x10, 0x00, 0xdd, 0xab, 0x12, 0x00,
  0x00, 0x00, 0x00, 0x00, 0x00, 0x00, 0x00, 0x00, 0x00, 0x00, 0x00, 0x00,
  0x00, 0x00, 0x00, 0x00, 0x00, 0x00, 0x00, 0x00, 0x00, 0x00, 0x00, 0x00,
  0x00, 0x00, 0x00, 0x00, 0x00, 0x00, 0x00, 0x00, 0x00, 0x00, 0x00, 0x00,
  0x00, 0x00, 0x00, 0x00, 0x00, 0x00, 0x00, 0x00, 0x00, 0x00, 0x00, 0x00,
  0x00, 0x00, 0x00, 0x00, 0x00, 0x00, 0x00, 0x00, 0x00, 0x00, 0x00, 0x00,
  0x00, 0x00, 0x00, 0x00, 0x00, 0x00, 0x00, 0x00, 0x00, 0x00, 0x00, 0x00,
  0x00, 0x00, 0x00, 0x00, 0x00, 0x00, 0x00, 0x00, 0x00, 0x00, 0x00, 0x00,
  0x00, 0x00, 0x00, 0x00, 0x00, 0x00, 0x00, 0x00, 0x00, 0x00, 0x00, 0x00,
  0x00, 0x00, 0x00, 0x00, 0x00, 0x00, 0x00, 0x00, 0x00, 0x00, 0x00, 0x00,
  0x00, 0x00, 0x00, 0x00, 0x00, 0x00, 0x00, 0x00, 0x00, 0x00, 0x00, 0x00,
  0x00, 0x00, 0x00, 0x00, 0x00, 0x00, 0x00, 0x00, 0x00, 0x00, 0x00, 0x00,
  0x00, 0x00, 0x00, 0x00, 0x00, 0x00, 0x00, 0x00, 0x00, 0x00, 0x00, 0x00,
  0x00, 0x00, 0x00, 0x00, 0x00, 0x00, 0x00, 0x00, 0x00, 0x00, 0x00, 0x00,
  0x00, 0x00, 0x00, 0x00, 0xc8, 0x99, 0x03, 0x00, 0xd3, 0xa6, 0x10, 0x00,
  0xbf, 0x94, 0x10, 0x00, 0xb5, 0x8b, 0x11, 0x37, 0xbb, 0x90, 0x10, 0xaf,
  0xc6, 0x99, 0x11, 0xe6, 0xc8, 0x9b, 0x11, 0xe8, 0xc2, 0x96, 0x10, 0xbf,
  0xb4, 0x89, 0x11, 0xb3, 0xc1, 0x95, 0x10, 0xce, 0xd2, 0xa3, 0x11, 0xf2,
  0xc0, 0x94, 0x11, 0xd4, 0xb0, 0x83, 0x13, 0x85, 0xb1, 0x7d, 0x1a, 0x14,
  0xff, 0xae, 0x2e, 0x01, 0xa9, 0x79, 0x18, 0x44, 0xb9, 0x8d, 0x11, 0xac,
  0xcd, 0x9f, 0x11, 0xf1, 0xcd, 0x9f, 0x11, 0xf5, 0xbd, 0x92, 0x11, 0xcb,
  0xb1, 0x85, 0x12, 0x46, 0xb4, 0x89, 0x12, 0x00, 0xc6, 0x9f, 0x0d, 0x00,
  0xb3, 0x9b, 0x03, 0x00, 0x00, 0x00, 0x00, 0x00, 0x00, 0x00, 0x00, 0x00,
  0x00, 0x00, 0x00, 0x00, 0x00, 0x00, 0x00, 0x00, 0x00, 0x00, 0x00, 0x00,
  0x00, 0x00, 0x00, 0x00, 0x00, 0x00, 0x00, 0x00, 0x00, 0x00, 0x00, 0x00,
  0x00, 0x00, 0x00, 0x00, 0x00, 0x00, 0x00, 0x00, 0x00, 0x00, 0x00, 0x00,
  0x00, 0x00, 0x00, 0x00, 0x00, 0x00, 0x00, 0x00, 0x00, 0x00, 0x00, 0x00,
  0x00, 0x00, 0x00, 0x00, 0x00, 0x00, 0x00, 0x00, 0x00, 0x00, 0x00, 0x00,
  0x00, 0x00, 0x00, 0x00, 0x00, 0x00, 0x00, 0x00, 0x00, 0x00, 0x00, 0x00,
  0x00, 0x00, 0x00, 0x00, 0x00, 0x00, 0x00, 0x00, 0x00, 0x00, 0x00, 0x00,
  0x00, 0x00, 0x00, 0x00, 0x00, 0x00, 0x00, 0x00, 0x00, 0x00, 0x00, 0x00,
  0x00, 0x00, 0x00, 0x00, 0x00, 0x00, 0x00, 0x00, 0x00, 0x00, 0x00, 0x00,
  0x00, 0x00, 0x00, 0x00, 0x00, 0x00, 0x00, 0x00, 0x00, 0x00, 0x00, 0x00,
  0x00, 0x00, 0x00, 0x00, 0x00, 0x00, 0x00, 0x00, 0x00, 0x00, 0x00, 0x00,
  0x00, 0x00, 0x00, 0x00, 0x00, 0x00, 0x00, 0x00, 0x00, 0x00, 0x00, 0x00,
  0x00, 0x00, 0x00, 0x00, 0x00, 0x00, 0x00, 0x00, 0x00, 0x00, 0x00, 0x00,
  0xb0, 0x84, 0x12, 0x00, 0xc4, 0x98, 0x10, 0x00, 0xcb, 0x9f, 0x0f, 0x0a,
  0xb4, 0x88, 0x12, 0x7c, 0xb0, 0x85, 0x13, 0xb3, 0xb8, 0x8d, 0x10, 0xbf,
  0xb6, 0x8c, 0x11, 0xaa, 0xb2, 0x87, 0x12, 0xb9, 0xc1, 0x95, 0x10, 0xcb,
  0xc3, 0x97, 0x10, 0xc5, 0xb5, 0x8a, 0x12, 0xba, 0xa9, 0x7a, 0x17, 0x43,
  0xa7, 0x74, 0x1b, 0x17, 0xa8, 0x78, 0x18, 0x1d, 0xa7, 0x78, 0x18, 0x5f,
  0xad, 0x80, 0x14, 0x99, 0xc1, 0x94, 0x11, 0xc5, 0xc5, 0x98, 0x11, 0xd9,
  0xc7, 0x9a, 0x11, 0xaa, 0xb7, 0x8d, 0x10, 0x0a, 0xb9, 0x8d, 0x11, 0x00,
  0xb2, 0x86, 0x12, 0x00, 0x00, 0x00, 0x00, 0x00, 0x00, 0x00, 0x00, 0x00,
  0x00, 0x00, 0x00, 0x00, 0x00, 0x00, 0x00, 0x00, 0x00, 0x00, 0x00, 0x00,
  0x00, 0x00, 0x00, 0x00, 0x00, 0x00, 0x00, 0x00, 0x00, 0x00, 0x00, 0x00,
  0x00, 0x00, 0x00, 0x00, 0x00, 0x00, 0x00, 0x00, 0x00, 0x00, 0x00, 0x00,
  0x00, 0x00, 0x00, 0x00, 0x00, 0x00, 0x00, 0x00, 0x00, 0x00, 0x00, 0x00,
  0x00, 0x00, 0x00, 0x00, 0x00, 0x00, 0x00, 0x00, 0x00, 0x00, 0x00, 0x00,
  0x00, 0x00, 0x00, 0x00, 0x00, 0x00, 0x00, 0x00, 0x00, 0x00, 0x00, 0x00,
  0x00, 0x00, 0x00, 0x00, 0x00, 0x00, 0x00, 0x00, 0x00, 0x00, 0x00, 0x00,
  0x00, 0x00, 0x00, 0x00, 0x00, 0x00, 0x00, 0x00, 0x00, 0x00, 0x00, 0x00,
  0x00, 0x00, 0x00, 0x00, 0x00, 0x00, 0x00, 0x00, 0x00, 0x00, 0x00, 0x00,
  0x00, 0x00, 0x00, 0x00, 0x00, 0x00, 0x00, 0x00, 0x00, 0x00, 0x00, 0x00,
  0x00, 0x00, 0x00, 0x00, 0x00, 0x00, 0x00, 0x00, 0x00, 0x00, 0x00, 0x00,
  0x00, 0x00, 0x00, 0x00, 0x00, 0x00, 0x00, 0x00, 0x00, 0x00, 0x00, 0x00,
  0x00, 0x00, 0x00, 0x00, 0x00, 0x00, 0x00, 0x00, 0x00, 0x00, 0x00, 0x00,
  0x00, 0x00, 0x00, 0x00, 0x00, 0x00, 0x00, 0x00, 0xc4, 0x98, 0x10, 0x00,
  0xb0, 0x83, 0x14, 0x00, 0xaa, 0x7d, 0x15, 0x20, 0xa9, 0x7b, 0x16, 0x84,
  0xb3, 0x88, 0x12, 0xc0, 0xbb, 0x90, 0x10, 0xc0, 0xb1, 0x85, 0x13, 0xb2,
  0xb9, 0x8e, 0x11, 0xb9, 0xbb, 0x91, 0x10, 0xc1, 0xb0, 0x83, 0x13, 0xad,
  0xa8, 0x79, 0x17, 0x56, 0xab, 0x7e, 0x15, 0x73, 0xb3, 0x87, 0x12, 0x87,
  0xb0, 0x83, 0x14, 0x7a, 0xac, 0x80, 0x14, 0xa1, 0xb6, 0x8b, 0x11, 0xc7,
  0xbf, 0x94, 0x10, 0xb1, 0xc9, 0x9c, 0x11, 0x42, 0xc0, 0x95, 0x10, 0x00,
  0x9d, 0x76, 0x11, 0x00, 0x00, 0x00, 0x00, 0x00, 0x00, 0x00, 0x00, 0x00,
  0x00, 0x00, 0x00, 0x00, 0x00, 0x00, 0x00, 0x00, 0x00, 0x00, 0x00, 0x00,
  0x00, 0x00, 0x00, 0x00, 0x00, 0x00, 0x00, 0x00, 0x00, 0x00, 0x00, 0x00,
  0x00, 0x00, 0x00, 0x00, 0x00, 0x00, 0x00, 0x00, 0x00, 0x00, 0x00, 0x00,
  0x00, 0x00, 0x00, 0x00, 0x00, 0x00, 0x00, 0x00, 0x00, 0x00, 0x00, 0x00,
  0x00, 0x00, 0x00, 0x00, 0x00, 0x00, 0x00, 0x00, 0x00, 0x00, 0x00, 0x00,
  0x00, 0x00, 0x00, 0x00, 0x00, 0x00, 0x00, 0x00, 0x00, 0x00, 0x00, 0x00,
  0x00, 0x00, 0x00, 0x00, 0x00, 0x00, 0x00, 0x00, 0x00, 0x00, 0x00, 0x00,
  0x00, 0x00, 0x00, 0x00, 0x00, 0x00, 0x00, 0x00, 0x00, 0x00, 0x00, 0x00,
  0x00, 0x00, 0x00, 0x00, 0x00, 0x00, 0x00, 0x00, 0x00, 0x00, 0x00, 0x00,
  0x00, 0x00, 0x00, 0x00, 0x00, 0x00, 0x00, 0x00, 0x00, 0x00, 0x00, 0x00,
  0x00, 0x00, 0x00, 0x00, 0x00, 0x00, 0x00, 0x00, 0x00, 0x00, 0x00, 0x00,
  0x00, 0x00, 0x00, 0x00, 0x00, 0x00, 0x00, 0x00, 0x00, 0x00, 0x00, 0x00,
  0x00, 0x00, 0x00, 0x00, 0x00, 0x00, 0x00, 0x00, 0x00, 0x00, 0x00, 0x00,
  0x00, 0x00, 0x00, 0x00, 0x00, 0x00, 0x00, 0x00, 0x00, 0x00, 0x00, 0x00,
  0xbd, 0x8c, 0x0d, 0x00, 0xa8, 0x79, 0x17, 0x00, 0xb2, 0x86, 0x13, 0x00,
  0xa8, 0x7a, 0x16, 0x47, 0xaf, 0x82, 0x14, 0x93, 0xb8, 0x8d, 0x11, 0xb7,
  0xab, 0x7d, 0x16, 0x78, 0xac, 0x7f, 0x15, 0x74, 0xbe, 0x92, 0x11, 0xc1,
  0xb6, 0x8b, 0x11, 0xc5, 0xb0, 0x85, 0x13, 0xbd, 0xb1, 0x86, 0x12, 0xbd,
  0xc4, 0x98, 0x11, 0xc1, 0xc4, 0x97, 0x11, 0xcb, 0xb4, 0x88, 0x13, 0xac,
  0xb7, 0x8d, 0x11, 0xbd, 0xc0, 0x94, 0x10, 0x6d, 0xca, 0x9d, 0x0e, 0x01,
  0xc3, 0x97, 0x10, 0x00, 0xce, 0xa0, 0x10, 0x00, 0x00, 0x00, 0x00, 0x00,
  0x00, 0x00, 0x00, 0x00, 0x00, 0x00, 0x00, 0x00, 0x00, 0x00, 0x00, 0x00,
  0x00, 0x00, 0x00, 0x00, 0x00, 0x00, 0x00, 0x00, 0x00, 0x00, 0x00, 0x00,
  0x00, 0x00, 0x00, 0x00, 0x00, 0x00, 0x00, 0x00, 0x00, 0x00, 0x00, 0x00,
  0x00, 0x00, 0x00, 0x00, 0x00, 0x00, 0x00, 0x00, 0x00, 0x00, 0x00, 0x00,
  0x00, 0x00, 0x00, 0x00, 0x00, 0x00, 0x00, 0x00, 0x00, 0x00, 0x00, 0x00,
  0x00, 0x00, 0x00, 0x00, 0x00, 0x00, 0x00, 0x00, 0x00, 0x00, 0x00, 0x00,
  0x00, 0x00, 0x00, 0x00, 0x00, 0x00, 0x00, 0x00, 0x00, 0x00, 0x00, 0x00,
  0x00, 0x00, 0x00, 0x00, 0x00, 0x00, 0x00, 0x00, 0x00, 0x00, 0x00, 0x00,
  0x00, 0x00, 0x00, 0x00, 0x00, 0x00, 0x00, 0x00, 0x00, 0x00, 0x00, 0x00,
  0x00, 0x00, 0x00, 0x00, 0x00, 0x00, 0x00, 0x00, 0x00, 0x00, 0x00, 0x00,
  0x00, 0x00, 0x00, 0x00, 0x00, 0x00, 0x00, 0x00, 0x00, 0x00, 0x00, 0x00,
  0x00, 0x00, 0x00, 0x00, 0x00, 0x00, 0x00, 0x00, 0x00, 0x00, 0x00, 0x00,
  0x00, 0x00, 0x00, 0x00, 0x00, 0x00, 0x00, 0x00, 0x00, 0x00, 0x00, 0x00,
  0x00, 0x00, 0x00, 0x00, 0x00, 0x00, 0x00, 0x00, 0x00, 0x00, 0x00, 0x00,
  0x00, 0x00, 0x00, 0x00, 0x00, 0x00, 0x00, 0x00, 0xa8, 0x79, 0x17, 0x00,
  0xaf, 0x83, 0x13, 0x00, 0xaf, 0x83, 0x13, 0x18, 0xb1, 0x85, 0x13, 0x85,
  0xb9, 0x8e, 0x11, 0xbf, 0xb1, 0x85, 0x13, 0x83, 0xad, 0x7f, 0x15, 0x4f,
  0xc0, 0x93, 0x11, 0xb4, 0xbc, 0x91, 0x10, 0xb1, 0xb7, 0x8c, 0x11, 0xa7,
  0xb8, 0x8d, 0x11, 0xb5, 0xd0, 0xa1, 0x11, 0xe1, 0xd1, 0xa2, 0x11, 0xf2,
  0xca, 0x9d, 0x11, 0xe9, 0xbd, 0x92, 0x10, 0xad, 0xb5, 0x8b, 0x10, 0x1d,
  0xb5, 0x8a, 0x10, 0x00, 0xc0, 0x95, 0x0f, 0x00, 0x00, 0x00, 0x00, 0x00,
  0x00, 0x00, 0x00, 0x00, 0x00, 0x00, 0x00, 0x00, 0x00, 0x00, 0x00, 0x00,
  0x00, 0x00, 0x00, 0x00, 0x00, 0x00, 0x00, 0x00, 0x00, 0x00, 0x00, 0x00,
  0x00, 0x00, 0x00, 0x00, 0x00, 0x00, 0x00, 0x00, 0x00, 0x00, 0x00, 0x00,
  0x00, 0x00, 0x00, 0x00, 0x00, 0x00, 0x00, 0x00, 0x00, 0x00, 0x00, 0x00,
  0x00, 0x00, 0x00, 0x00, 0x00, 0x00, 0x00, 0x00, 0x00, 0x00, 0x00, 0x00,
  0x00, 0x00, 0x00, 0x00, 0x00, 0x00, 0x00, 0x00, 0x00, 0x00, 0x00, 0x00,
  0x00, 0x00, 0x00, 0x00, 0x00, 0x00, 0x00, 0x00, 0x00, 0x00, 0x00, 0x00,
  0x00, 0x00, 0x00, 0x00, 0x00, 0x00, 0x00, 0x00, 0x00, 0x00, 0x00, 0x00,
  0x00, 0x00, 0x00, 0x00, 0x00, 0x00, 0x00, 0x00, 0x00, 0x00, 0x00, 0x00,
  0x00, 0x00, 0x00, 0x00, 0x00, 0x00, 0x00, 0x00, 0x00, 0x00, 0x00, 0x00,
  0x00, 0x00, 0x00, 0x00, 0x00, 0x00, 0x00, 0x00, 0x00, 0x00, 0x00, 0x00,
  0x00, 0x00, 0x00, 0x00, 0x00, 0x00, 0x00, 0x00, 0x00, 0x00, 0x00, 0x00,
  0x00, 0x00, 0x00, 0x00, 0x00, 0x00, 0x00, 0x00, 0x00, 0x00, 0x00, 0x00,
  0x00, 0x00, 0x00, 0x00, 0x00, 0x00, 0x00, 0x00, 0x00, 0x00, 0x00, 0x00,
  0x00, 0x00, 0x00, 0x00, 0x00, 0x00, 0x00, 0x00, 0x00, 0x00, 0x00, 0x00,
  0x7d, 0x4f, 0x05, 0x00, 0xb9, 0x90, 0x0f, 0x00, 0xce, 0xa0, 0x11, 0x00,
  0xc3, 0x97, 0x10, 0x5a, 0xc7, 0x9a, 0x11, 0xd0, 0xc1, 0x95, 0x11, 0x78,
  0xb0, 0x84, 0x13, 0x29, 0xb6, 0x8b, 0x12, 0x1c, 0xb8, 0x8d, 0x10, 0x13,
  0xba, 0x90, 0x10, 0x11, 0xc7, 0x9a, 0x10, 0x23, 0xd7, 0xa6, 0x12, 0x51,
  0xd5, 0xa5, 0x12, 0x96, 0xca, 0x9c, 0x11, 0xc2, 0xcb, 0x9d, 0x11, 0x73,
  0xde, 0xae, 0x11, 0x00, 0xbb, 0x8f, 0x12, 0x00, 0xcc, 0x9b, 0x0d, 0x00,
  0x00, 0x00, 0x00, 0x00, 0x00, 0x00, 0x00, 0x00, 0x00, 0x00, 0x00, 0x00,
  0x00, 0x00, 0x00, 0x00, 0x00, 0x00, 0x00, 0x00, 0x00, 0x00, 0x00, 0x00,
  0x00, 0x00, 0x00, 0x00, 0x00, 0x00, 0x00, 0x00, 0x00, 0x00, 0x00, 0x00,
  0x00, 0x00, 0x00, 0x00, 0x00, 0x00, 0x00, 0x00, 0x00, 0x00, 0x00, 0x00,
  0x00, 0x00, 0x00, 0x00, 0x00, 0x00, 0x00, 0x00, 0x00, 0x00, 0x00, 0x00,
  0x00, 0x00, 0x00, 0x00, 0x00, 0x00, 0x00, 0x00, 0x00, 0x00, 0x00, 0x00,
  0x00, 0x00, 0x00, 0x00, 0x00, 0x00, 0x00, 0x00, 0x00, 0x00, 0x00, 0x00,
  0x00, 0x00, 0x00, 0x00, 0x00, 0x00, 0x00, 0x00, 0x00, 0x00, 0x00, 0x00,
  0x00, 0x00, 0x00, 0x00, 0x00, 0x00, 0x00, 0x00, 0x00, 0x00, 0x00, 0x00,
  0x00, 0x00, 0x00, 0x00, 0x00, 0x00, 0x00, 0x00, 0x00, 0x00, 0x00, 0x00,
  0x00, 0x00, 0x00, 0x00, 0x00, 0x00, 0x00, 0x00, 0x00, 0x00, 0x00, 0x00,
  0x00, 0x00, 0x00, 0x00, 0x00, 0x00, 0x00, 0x00, 0x00, 0x00, 0x00, 0x00,
  0x00, 0x00, 0x00, 0x00, 0x00, 0x00, 0x00, 0x00, 0x00, 0x00, 0x00, 0x00,
  0x00, 0x00, 0x00, 0x00, 0x00, 0x00, 0x00, 0x00, 0x00, 0x00, 0x00, 0x00,
  0x00, 0x00, 0x00, 0x00, 0x00, 0x00, 0x00, 0x00, 0x00, 0x00, 0x00, 0x00,
  0x00, 0x00, 0x00, 0x00, 0x00, 0x00, 0x00, 0x00, 0xb4, 0x8a, 0x11, 0x00,
  0xc9, 0x9c, 0x11, 0x00, 0xcd, 0x9f, 0x11, 0x13, 0xcd, 0x9f, 0x11, 0x26,
  0xed, 0xba, 0x11, 0x03, 0xb5, 0x89, 0x12, 0x00, 0xb7, 0x8c, 0x11, 0x00,
  0xbe, 0x92, 0x11, 0x00, 0xc9, 0x9c, 0x12, 0x00, 0xd3, 0xa4, 0x12, 0x00,
  0xd8, 0xa8, 0x12, 0x00, 0xff, 0xd9, 0x1b, 0x00, 0xcb, 0x9d, 0x11, 0x1d,
  0xd4, 0xa5, 0x12, 0x13, 0xcf, 0xa0, 0x11, 0x00, 0xb7, 0x8c, 0x11, 0x00,
  0x00, 0x00, 0x00, 0x00, 0x00, 0x00, 0x00, 0x00, 0x00, 0x00, 0x00, 0x00,
  0x00, 0x00, 0x00, 0x00, 0x00, 0x00, 0x00, 0x00, 0x00, 0x00, 0x00, 0x00,
  0x00, 0x00, 0x00, 0x00, 0x00, 0x00, 0x00, 0x00, 0x00, 0x00, 0x00, 0x00,
  0x00, 0x00, 0x00, 0x00, 0x00, 0x00, 0x00, 0x00, 0x00, 0x00, 0x00, 0x00,
  0x00, 0x00, 0x00, 0x00, 0x00, 0x00, 0x00, 0x00, 0x00, 0x00, 0x00, 0x00,
  0x00, 0x00, 0x00, 0x00, 0x00, 0x00, 0x00, 0x00, 0x00, 0x00, 0x00, 0x00,
  0x00, 0x00, 0x00, 0x00, 0x00, 0x00, 0x00, 0x00, 0x00, 0x00, 0x00, 0x00,
  0x00, 0x00, 0x00, 0x00, 0x00, 0x00, 0x00, 0x00, 0x00, 0x00, 0x00, 0x00,
  0x00, 0x00, 0x00, 0x00, 0x00, 0x00, 0x00, 0x00, 0x00, 0x00, 0x00, 0x00,
  0x00, 0x00, 0x00, 0x00, 0x00, 0x00, 0x00, 0x00, 0x00, 0x00, 0x00, 0x00,
  0x00, 0x00, 0x00, 0x00, 0x00, 0x00, 0x00, 0x00, 0x00, 0x00, 0x00, 0x00,
  0x00, 0x00, 0x00, 0x00, 0x00, 0x00, 0x00, 0x00, 0x00, 0x00, 0x00, 0x00,
  0x00, 0x00, 0x00, 0x00, 0x00, 0x00, 0x00, 0x00, 0x00, 0x00, 0x00, 0x00,
  0x00, 0x00, 0x00, 0x00, 0x00, 0x00, 0x00, 0x00, 0x00, 0x00, 0x00, 0x00,
  0x00, 0x00, 0x00, 0x00, 0x00, 0x00, 0x00, 0x00, 0x00, 0x00, 0x00, 0x00,
  0x00, 0x00, 0x00, 0x00, 0x00, 0x00, 0x00, 0x00, 0x00, 0x00, 0x00, 0x00,
  0xd7, 0xc8, 0x00, 0x00, 0xcb, 0x9e, 0x11, 0x00, 0xcc, 0x9e, 0x11, 0x00,
  0xce, 0xa0, 0x11, 0x00, 0xcf, 0xa1, 0x11, 0x07, 0xb3, 0x89, 0x11, 0x29,
  0xb6, 0x8c, 0x11, 0x54, 0xd1, 0xa2, 0x11, 0x84, 0xdd, 0xab, 0x12, 0x95,
  0xde, 0xac, 0x12, 0x77, 0xde, 0xac, 0x12, 0x3c, 0xdd, 0xab, 0x12, 0x0b,
  0xd2, 0xa3, 0x11, 0x00, 0xd2, 0xa3, 0x11, 0x00, 0xd1, 0xa2, 0x11, 0x00,
  0xd4, 0xae, 0x00, 0x00, 0x00, 0x00, 0x00, 0x00, 0x00, 0x00, 0x00, 0x00,
  0x00, 0x00, 0x00, 0x00, 0x00, 0x00, 0x00, 0x00, 0x00, 0x00, 0x00, 0x00,
  0x00, 0x00, 0x00, 0x00, 0x00, 0x00, 0x00, 0x00, 0x00, 0x00, 0x00, 0x00,
  0x00, 0x00, 0x00, 0x00, 0x00, 0x00, 0x00, 0x00, 0x00, 0x00, 0x00, 0x00,
  0x00, 0x00, 0x00, 0x00, 0x00, 0x00, 0x00, 0x00, 0x00, 0x00, 0x00, 0x00,
  0x00, 0x00, 0x00, 0x00, 0x00, 0x00, 0x00, 0x00, 0x00, 0x00, 0x00, 0x00,
  0x00, 0x00, 0x00, 0x00, 0x00, 0x00, 0x00, 0x00, 0x00, 0x00, 0x00, 0x00,
  0x00, 0x00, 0x00, 0x00, 0x00, 0x00, 0x00, 0x00, 0x00, 0x00, 0x00, 0x00,
  0x00, 0x00, 0x00, 0x00, 0x00, 0x00, 0x00, 0x00, 0x00, 0x00, 0x00, 0x00,
  0x00, 0x00, 0x00, 0x00, 0x00, 0x00, 0x00, 0x00, 0x00, 0x00, 0x00, 0x00,
  0x00, 0x00, 0x00, 0x00, 0x00, 0x00, 0x00, 0x00, 0x00, 0x00, 0x00, 0x00,
  0x00, 0x00, 0x00, 0x00, 0x00, 0x00, 0x00, 0x00, 0x00, 0x00, 0x00, 0x00,
  0x00, 0x00, 0x00, 0x00, 0x00, 0x00, 0x00, 0x00, 0x00, 0x00, 0x00, 0x00,
  0x00, 0x00, 0x00, 0x00, 0x00, 0x00, 0x00, 0x00, 0x00, 0x00, 0x00, 0x00,
  0x00, 0x00, 0x00, 0x00, 0x00, 0x00, 0x00, 0x00, 0x00, 0x00, 0x00, 0x00,
  0x00, 0x00, 0x00, 0x00, 0x00, 0x00, 0x00, 0x00, 0x00, 0x00, 0x00, 0x00,
  0x00, 0x00, 0x00, 0x00, 0xc3, 0x97, 0x10, 0x00, 0xca, 0x9d, 0x11, 0x00,
  0xbf, 0x93, 0x11, 0x00, 0xd8, 0xa7, 0x12, 0x3b, 0xd7, 0xa7, 0x12, 0xa9,
  0xc6, 0x99, 0x11, 0xca, 0xca, 0x9c, 0x11, 0xe0, 0xd3, 0xa4, 0x12, 0xf3,
  0xdc, 0xab, 0x12, 0xff, 0xdd, 0xab, 0x12, 0xff, 0xdd, 0xab, 0x12, 0xe2,
  0xd8, 0xa7, 0x12, 0xb0, 0xd7, 0xa7, 0x12, 0x33, 0xcc, 0x9d, 0x12, 0x00,
  0xb2, 0x87, 0x11, 0x00, 0xb3, 0x87, 0x12, 0x00, 0x00, 0x00, 0x00, 0x00,
  0x00, 0x00, 0x00, 0x00, 0x00, 0x00, 0x00, 0x00, 0x00, 0x00, 0x00, 0x00,
  0x00, 0x00, 0x00, 0x00, 0x00, 0x00, 0x00, 0x00, 0x00, 0x00, 0x00, 0x00,
  0x00, 0x00, 0x00, 0x00, 0x00, 0x00, 0x00, 0x00, 0x00, 0x00, 0x00, 0x00,
  0x00, 0x00, 0x00, 0x00, 0x00, 0x00, 0x00, 0x00, 0x00, 0x00, 0x00, 0x00,
  0x00, 0x00, 0x00, 0x00, 0x00, 0x00, 0x00, 0x00, 0x00, 0x00, 0x00, 0x00,
  0x00, 0x00, 0x00, 0x00, 0x00, 0x00, 0x00, 0x00, 0x00, 0x00, 0x00, 0x00,
  0x00, 0x00, 0x00, 0x00, 0x00, 0x00, 0x00, 0x00, 0x00, 0x00, 0x00, 0x00,
  0x00, 0x00, 0x00, 0x00, 0x00, 0x00, 0x00, 0x00, 0x00, 0x00, 0x00, 0x00,
  0x00, 0x00, 0x00, 0x00, 0x00, 0x00, 0x00, 0x00, 0x00, 0x00, 0x00, 0x00,
  0x00, 0x00, 0x00, 0x00, 0x00, 0x00, 0x00, 0x00, 0x00, 0x00, 0x00, 0x00,
  0x00, 0x00, 0x00, 0x00, 0x00, 0x00, 0x00, 0x00, 0x00, 0x00, 0x00, 0x00,
  0x00, 0x00, 0x00, 0x00, 0x00, 0x00, 0x00, 0x00, 0x00, 0x00, 0x00, 0x00,
  0x00, 0x00, 0x00, 0x00, 0x00, 0x00, 0x00, 0x00, 0x00, 0x00, 0x00, 0x00,
  0x00, 0x00, 0x00, 0x00, 0x00, 0x00, 0x00, 0x00, 0x00, 0x00, 0x00, 0x00,
  0x00, 0x00, 0x00, 0x00, 0x00, 0x00, 0x00, 0x00, 0x00, 0x00, 0x00, 0x00,
  0x00, 0x00, 0x00, 0x00, 0xce, 0xa0, 0x10, 0x00, 0xb7, 0x8e, 0x0f, 0x00,
  0xe5, 0xb2, 0x13, 0x00, 0xc3, 0x97, 0x10, 0x3c, 0xd1, 0xa2, 0x11, 0xd7,
  0xda, 0xa9, 0x12, 0xff, 0xdc, 0xaa, 0x12, 0xfa, 0xdc, 0xab, 0x12, 0xfc,
  0xdc, 0xab, 0x12, 0xfa, 0xdd, 0xab, 0x12, 0xfa, 0xdd, 0xab, 0x12, 0xf8,
  0xdd, 0xab, 0x12, 0xe8, 0xd9, 0xa8, 0x12, 0xf5, 0xce, 0xa0, 0x11, 0xa0,
  0xb8, 0x8d, 0x10, 0x2c, 0xf8, 0xc6, 0x0f, 0x00, 0xb0, 0x84, 0x12, 0x00,
  0xdc, 0xab, 0x11, 0x00, 0x00, 0x00, 0x00, 0x00, 0x00, 0x00, 0x00, 0x00,
  0x00, 0x00, 0x00, 0x00, 0x00, 0x00, 0x00, 0x00, 0x00, 0x00, 0x00, 0x00,
  0x00, 0x00, 0x00, 0x00, 0x00, 0x00, 0x00, 0x00, 0x00, 0x00, 0x00, 0x00,
  0x00, 0x00, 0x00, 0x00, 0x00, 0x00, 0x00, 0x00, 0x00, 0x00, 0x00, 0x00,
  0x00, 0x00, 0x00, 0x00, 0x00, 0x00, 0x00, 0x00, 0x00, 0x00, 0x00, 0x00,
  0x00, 0x00, 0x00, 0x00, 0x00, 0x00, 0x00, 0x00, 0x00, 0x00, 0x00, 0x00,
  0x00, 0x00, 0x00, 0x00, 0x00, 0x00, 0x00, 0x00, 0x00, 0x00, 0x00, 0x00,
  0x00, 0x00, 0x00, 0x00, 0x00, 0x00, 0x00, 0x00, 0x00, 0x00, 0x00, 0x00,
  0x00, 0x00, 0x00, 0x00, 0x00, 0x00, 0x00, 0x00, 0x00, 0x00, 0x00, 0x00,
  0x00, 0x00, 0x00, 0x00, 0x00, 0x00, 0x00, 0x00, 0x00, 0x00, 0x00, 0x00,
  0x00, 0x00, 0x00, 0x00, 0x00, 0x00, 0x00, 0x00, 0x00, 0x00, 0x00, 0x00,
  0x00, 0x00, 0x00, 0x00, 0x00, 0x00, 0x00, 0x00, 0x00, 0x00, 0x00, 0x00,
  0x00, 0x00, 0x00, 0x00, 0x00, 0x00, 0x00, 0x00, 0x00, 0x00, 0x00, 0x00,
  0x00, 0x00, 0x00, 0x00, 0x00, 0x00, 0x00, 0x00, 0x00, 0x00, 0x00, 0x00,
  0x00, 0x00, 0x00, 0x00, 0x00, 0x00, 0x00, 0x00, 0x00, 0x00, 0x00, 0x00,
  0x00, 0x00, 0x00, 0x00, 0x00, 0x00, 0x00, 0x00, 0xe3, 0xb0, 0x13, 0x00,
  0xd9, 0xa8, 0x12, 0x00, 0xd7, 0xa7, 0x12, 0x39, 0xd3, 0xa4, 0x12, 0xd8,
  0xd9, 0xa8, 0x12, 0xfb, 0xdc, 0xab, 0x12, 0xfb, 0xdd, 0xab, 0x12, 0xfc,
  0xdd, 0xab, 0x12, 0xfb, 0xdd, 0xab, 0x12, 0xfb, 0xdd, 0xab, 0x13, 0xfa,
  0xdd, 0xab, 0x12, 0xf2, 0xdd, 0xab, 0x12, 0xe3, 0xdc, 0xaa, 0x12, 0xf2,
  0xd1, 0xa2, 0x11, 0xd2, 0xbb, 0x8f, 0x11, 0xa0, 0xcb, 0x9d, 0x11, 0x36,
  0xc6, 0x99, 0x11, 0x00, 0xdd, 0xac, 0x13, 0x00, 0x00, 0x00, 0x00, 0x00,
  0x00, 0x00, 0x00, 0x00, 0x00, 0x00, 0x00, 0x00, 0x00, 0x00, 0x00, 0x00,
  0x00, 0x00, 0x00, 0x00, 0x00, 0x00, 0x00, 0x00, 0x00, 0x00, 0x00, 0x00,
  0x00, 0x00, 0x00, 0x00, 0x00, 0x00, 0x00, 0x00, 0x00, 0x00, 0x00, 0x00,
  0x00, 0x00, 0x00, 0x00, 0x00, 0x00, 0x00, 0x00, 0x00, 0x00, 0x00, 0x00,
  0x00, 0x00, 0x00, 0x00, 0x00, 0x00, 0x00, 0x00, 0x00, 0x00, 0x00, 0x00,
  0x00, 0x00, 0x00, 0x00, 0x00, 0x00, 0x00, 0x00, 0x00, 0x00, 0x00, 0x00,
  0x00, 0x00, 0x00, 0x00, 0x00, 0x00, 0x00, 0x00, 0x00, 0x00, 0x00, 0x00,
  0x00, 0x00, 0x00, 0x00, 0x00, 0x00, 0x00, 0x00, 0x00, 0x00, 0x00, 0x00,
  0x00, 0x00, 0x00, 0x00, 0x00, 0x00, 0x00, 0x00, 0x00, 0x00, 0x00, 0x00,
  0x00, 0x00, 0x00, 0x00, 0x00, 0x00, 0x00, 0x00, 0x00, 0x00, 0x00, 0x00,
  0x00, 0x00, 0x00, 0x00, 0x00, 0x00, 0x00, 0x00, 0x00, 0x00, 0x00, 0x00,
  0x00, 0x00, 0x00, 0x00, 0x00, 0x00, 0x00, 0x00, 0x00, 0x00, 0x00, 0x00,
  0x00, 0x00, 0x00, 0x00, 0x00, 0x00, 0x00, 0x00, 0x00, 0x00, 0x00, 0x00,
  0x00, 0x00, 0x00, 0x00, 0x00, 0x00, 0x00, 0x00, 0x00, 0x00, 0x00, 0x00,
  0x00, 0x00, 0x00, 0x00, 0x00, 0x00, 0x00, 0x00, 0xe3, 0xb6, 0x00, 0x00,
  0xdb, 0xaa, 0x12, 0x00, 0xda, 0xa9, 0x12, 0x0b, 0xd9, 0xa8, 0x12, 0xb1,
  0xdc, 0xab, 0x12, 0xfc, 0xde, 0xac, 0x12, 0xf4, 0xdd, 0xab, 0x12, 0xfa,
  0xdd, 0xab, 0x12, 0xfb, 0xdd, 0xab, 0x12, 0xfa, 0xdd, 0xab, 0x12, 0xfa,
  0xdd, 0xab, 0x12, 0xfb, 0xdd, 0xab, 0x12, 0xfc, 0xdf, 0xad, 0x12, 0xf7,
  0xda, 0xa9, 0x12, 0xf6, 0xca, 0x9c, 0x11, 0xc3, 0xc4, 0x98, 0x10, 0xb2,
  0xd6, 0xa6, 0x12, 0xae, 0xe3, 0xb0, 0x13, 0x0d, 0xde, 0xac, 0x12, 0x00,
  0xdb, 0xb6, 0x01, 0x00, 0x00, 0x00, 0x00, 0x00, 0x00, 0x00, 0x00, 0x00,
  0x00, 0x00, 0x00, 0x00, 0x00, 0x00, 0x00, 0x00, 0x00, 0x00, 0x00, 0x00,
  0x00, 0x00, 0x00, 0x00, 0x00, 0x00, 0x00, 0x00, 0x00, 0x00, 0x00, 0x00,
  0x00, 0x00, 0x00, 0x00, 0x00, 0x00, 0x00, 0x00, 0x00, 0x00, 0x00, 0x00,
  0x00, 0x00, 0x00, 0x00, 0x00, 0x00, 0x00, 0x00, 0x00, 0x00, 0x00, 0x00,
  0x00, 0x00, 0x00, 0x00, 0x00, 0x00, 0x00, 0x00, 0x00, 0x00, 0x00, 0x00,
  0x00, 0x00, 0x00, 0x00, 0x00, 0x00, 0x00, 0x00, 0x00, 0x00, 0x00, 0x00,
  0x00, 0x00, 0x00, 0x00, 0x00, 0x00, 0x00, 0x00, 0x00, 0x00, 0x00, 0x00,
  0x00, 0x00, 0x00, 0x00, 0x00, 0x00, 0x00, 0x00, 0x00, 0x00, 0x00, 0x00,
  0x00, 0x00, 0x00, 0x00, 0x00, 0x00, 0x00, 0x00, 0x00, 0x00, 0x00, 0x00,
  0x00, 0x00, 0x00, 0x00, 0x00, 0x00, 0x00, 0x00, 0x00, 0x00, 0x00, 0x00,
  0x00, 0x00, 0x00, 0x00, 0x00, 0x00, 0x00, 0x00, 0x00, 0x00, 0x00, 0x00,
  0x00, 0x00, 0x00, 0x00, 0x00, 0x00, 0x00, 0x00, 0x00, 0x00, 0x00, 0x00,
  0x00, 0x00, 0x00, 0x00, 0x00, 0x00, 0x00, 0x00, 0x00, 0x00, 0x00, 0x00,
  0x00, 0x00, 0x00, 0x00, 0x00, 0x00, 0x00, 0x00, 0x00, 0x00, 0x00, 0x00,
  0xdc, 0xac, 0x10, 0x00, 0xde, 0xac, 0x12, 0x00, 0xde, 0xac, 0x12, 0x3c,
  0xdb, 0xaa, 0x12, 0xe6, 0xce, 0xa0, 0x13, 0xf3, 0xa7, 0x82, 0x14, 0xf8,
  0xd6, 0xa6, 0x13, 0xfc, 0xdd, 0xab, 0x12, 0xfb, 0xdf, 0xad, 0x12, 0xfa,
  0xe0, 0xae, 0x12, 0xfb, 0xdf, 0xad, 0x12, 0xfb, 0xd4, 0xa5, 0x13, 0xfb,
  0x95, 0x74, 0x14, 0xfb, 0xce, 0xa0, 0x13, 0xfb, 0xd4, 0xa4, 0x11, 0xe4,
  0xd3, 0xa4, 0x12, 0xd9, 0xdc, 0xab, 0x12, 0xf3, 0xde, 0xac, 0x12, 0x44,
  0xdd, 0xab, 0x12, 0x00, 0xdd, 0xac, 0x12, 0x00, 0x00, 0x00, 0x00, 0x00,
  0x00, 0x00, 0x00, 0x00, 0x00, 0x00, 0x00, 0x00, 0x00, 0x00, 0x00, 0x00,
  0x00, 0x00, 0x00, 0x00, 0x00, 0x00, 0x00, 0x00, 0x00, 0x00, 0x00, 0x00,
  0x00, 0x00, 0x00, 0x00, 0x00, 0x00, 0x00, 0x00, 0x00, 0x00, 0x00, 0x00,
  0x00, 0x00, 0x00, 0x00, 0x00, 0x00, 0x00, 0x00, 0x00, 0x00, 0x00, 0x00,
  0x00, 0x00, 0x00, 0x00, 0x00, 0x00, 0x00, 0x00, 0x00, 0x00, 0x00, 0x00,
  0x00, 0x00, 0x00, 0x00, 0x00, 0x00, 0x00, 0x00, 0x00, 0x00, 0x00, 0x00,
  0x00, 0x00, 0x00, 0x00, 0x00, 0x00, 0x00, 0x00, 0x00, 0x00, 0x00, 0x00,
  0x00, 0x00, 0x00, 0x00, 0xb8, 0x8e, 0x10, 0x00, 0xb2, 0x89, 0x10, 0x00,
  0xc0, 0x95, 0x10, 0x00, 0xbd, 0x91, 0x10, 0x00, 0xb4, 0x8a, 0x10, 0x00,
  0xae, 0x82, 0x13, 0x00, 0xbc, 0x8f, 0x12, 0x00, 0xd4, 0xa4, 0x12, 0x00,
  0xd1, 0xa2, 0x11, 0x00, 0xdd, 0xab, 0x12, 0x00, 0xdb, 0xaa, 0x12, 0x00,
  0xd8, 0xa8, 0x12, 0x00, 0xdc, 0xab, 0x12, 0x00, 0xde, 0xac, 0x12, 0x00,
  0xdd, 0xac, 0x12, 0x00, 0xdd, 0xac, 0x12, 0x00, 0xd0, 0xa1, 0x11, 0x00,
  0xae, 0x82, 0x13, 0x00, 0xab, 0x7e, 0x14, 0x00, 0xbe, 0x93, 0x10, 0x00,
  0xcd, 0x9f, 0x11, 0x00, 0xd1, 0xa2, 0x11, 0x00, 0xda, 0xa9, 0x12, 0x00,
  0xdd, 0xab, 0x12, 0x73, 0xdd, 0xab, 0x12, 0xfa, 0xba, 0x91, 0x13, 0xfb,
  0x4c, 0x3d, 0x16, 0xfc, 0xca, 0x9d, 0x13, 0xfc, 0xde, 0xac, 0x12, 0xfc,
  0xbf, 0x95, 0x13, 0xfb, 0xa0, 0x7d, 0x14, 0xfb, 0xb6, 0x8d, 0x13, 0xfc,
  0xca, 0x9d, 0x13, 0xfc, 0x50, 0x40, 0x16, 0xfb, 0x97, 0x76, 0x14, 0xfc,
  0xaf, 0x88, 0x13, 0xf9, 0xd8, 0xa7, 0x12, 0xf3, 0xdc, 0xab, 0x12, 0xfe,
  0xda, 0xa9, 0x12, 0x7c, 0xda, 0xa9, 0x12, 0x00, 0xd0, 0xa1, 0x11, 0x00,
  0xce, 0x9f, 0x11, 0x00, 0xd5, 0xa5, 0x12, 0x00, 0xdd, 0xab, 0x12, 0x00,
  0xdd, 0xab, 0x12, 0x00, 0xdd, 0xab, 0x12, 0x00, 0xd9, 0xa8, 0x12, 0x00,
  0xd6, 0xa6, 0x12, 0x00, 0xd2, 0xa3, 0x11, 0x00, 0xdc, 0xab, 0x12, 0x00,
  0xd9, 0xa8, 0x12, 0x00, 0xdb, 0xa9, 0x12, 0x00, 0xda, 0xa9, 0x12, 0x00,
  0xd6, 0xa6, 0x12, 0x00, 0xc8, 0x9b, 0x10, 0x00, 0xb9, 0x8e, 0x11, 0x00,
  0xa7, 0x79, 0x17, 0x00, 0xaa, 0x7c, 0x16, 0x00, 0xa9, 0x7b, 0x16, 0x00,
  0xaf, 0x83, 0x13, 0x00, 0xb7, 0x8e, 0x0f, 0x00, 0xb6, 0x8c, 0x10, 0x00,
  0x00, 0x00, 0x00, 0x00, 0x00, 0x00, 0x00, 0x00, 0xb4, 0x8a, 0x10, 0x00,
  0xac, 0x84, 0x10, 0x01, 0xc1, 0x95, 0x10, 0x0a, 0xbe, 0x92, 0x10, 0x10,
  0xb5, 0x8b, 0x10, 0x10, 0xac, 0x80, 0x13, 0x13, 0xb9, 0x8d, 0x12, 0x10,
  0xd5, 0xa5, 0x12, 0x1c, 0xd1, 0xa2, 0x11, 0x1d, 0xdd, 0xac, 0x12, 0x1e,
  0xdb, 0xaa, 0x12, 0x1e, 0xd7, 0xa7, 0x12, 0x1e, 0xdc, 0xab, 0x12, 0x1d,
  0xde, 0xac, 0x12, 0x1e, 0xdd, 0xac, 0x12, 0x1e, 0xdd, 0xac, 0x12, 0x1f,
  0xd0, 0xa1, 0x11, 0x19, 0xac, 0x7f, 0x14, 0x0d, 0xa9, 0x7c, 0x15, 0x0e,
  0xc1, 0x95, 0x10, 0x10, 0xcf, 0xa0, 0x11, 0x18, 0xd2, 0xa3, 0x11, 0x04,
  0xd4, 0xa4, 0x12, 0x00, 0xdd, 0xab, 0x12, 0x94, 0xde, 0xac, 0x12, 0xff,
  0xbb, 0x91, 0x13, 0xfb, 0x4b, 0x3c, 0x16, 0xfa, 0xca, 0x9d, 0x13, 0xfc,
  0xde, 0xac, 0x12, 0xfd, 0xa0, 0x7d, 0x14, 0xfb, 0x6c, 0x55, 0x15, 0xfa,
  0x4b, 0x3d, 0x16, 0xfb, 0xaf, 0x89, 0x14, 0xfb, 0x49, 0x3b, 0x16, 0xfc,
  0x60, 0x4c, 0x15, 0xf2, 0x4c, 0x3d, 0x16, 0xfa, 0xb7, 0x8e, 0x13, 0xfb,
  0xde, 0xac, 0x12, 0xff, 0xdc, 0xab, 0x12, 0x9b, 0x95, 0x73, 0x10, 0x00,
  0xcf, 0xa0, 0x11, 0x03, 0xce, 0xa0, 0x11, 0x17, 0xd6, 0xa6, 0x12, 0x1f,
  0xdd, 0xab, 0x12, 0x1f, 0xdd, 0xab, 0x12, 0x1f, 0xdd, 0xab, 0x12, 0x1e,
  0xd9, 0xa8, 0x12, 0x1f, 0xd5, 0xa6, 0x12, 0x1e, 0xd2, 0xa3, 0x11, 0x1c,
  0xdc, 0xab, 0x12, 0x1c, 0xd9, 0xa8, 0x12, 0x1f, 0xdb, 0xa9, 0x12, 0x1e,
  0xda, 0xa9, 0x12, 0x1e, 0xd6, 0xa6, 0x12, 0x1e, 0xc7, 0x9b, 0x10, 0x17,
  0xb9, 0x8e, 0x11, 0x0f, 0xa5, 0x76, 0x18, 0x0c, 0xa9, 0x7b, 0x16, 0x0e,
  0xa9, 0x7b, 0x16, 0x0a, 0xaf, 0x84, 0x13, 0x0e, 0xb9, 0x90, 0x0e, 0x01,
  0xb7, 0x8d, 0x0f, 0x00, 0x00, 0x00, 0x00, 0x00, 0x00, 0x00, 0x00, 0x00,
  0xb9, 0x8f, 0x10, 0x00, 0xb5, 0x8b, 0x10, 0x05, 0xbb, 0x90, 0x10, 0x72,
  0xbe, 0x93, 0x10, 0xa8, 0xb4, 0x8a, 0x11, 0xa0, 0xb1, 0x86, 0x12, 0x9a,
  0xbf, 0x93, 0x11, 0x95, 0xd2, 0xa3, 0x12, 0xd6, 0xd0, 0xa1, 0x11, 0xdb,
  0xd5, 0xa5, 0x12, 0xdd, 0xd8, 0xa7, 0x12, 0xdd, 0xda, 0xa9, 0x12, 0xd9,
  0xdd, 0xab, 0x12, 0xd6, 0xdd, 0xab, 0x12, 0xdc, 0xdd, 0xab, 0x12, 0xdc,
  0xdd, 0xac, 0x12, 0xdc, 0xd5, 0xa5, 0x12, 0xd1, 0xb9, 0x8d, 0x11, 0x9c,
  0xb1, 0x86, 0x11, 0x8b, 0xb8, 0x8d, 0x11, 0xac, 0xc7, 0x9a, 0x11, 0xa9,
  0xc8, 0x9b, 0x11, 0x1a, 0xcd, 0x9f, 0x11, 0x00, 0xdd, 0xac, 0x12, 0x94,
  0xdf, 0xad, 0x12, 0xff, 0xbb, 0x91, 0x13, 0xfa, 0x4a, 0x3b, 0x16, 0xf9,
  0xc6, 0x9a, 0x13, 0xfa, 0xd6, 0xa6, 0x13, 0xfc, 0x77, 0x5e, 0x15, 0xfb,
  0x6b, 0x55, 0x15, 0xfc, 0x40, 0x34, 0x16, 0xf9, 0x9e, 0x7c, 0x14, 0xfb,
  0x50, 0x40, 0x16, 0xfb, 0xa6, 0x81, 0x12, 0xe7, 0x59, 0x46, 0x14, 0xf3,
  0x99, 0x78, 0x14, 0xfa, 0xde, 0xac, 0x12, 0xff, 0xdb, 0xaa, 0x12, 0x9b,
  0xd2, 0xa3, 0x13, 0x00, 0xcd, 0x9f, 0x11, 0x17, 0xcd, 0x9f, 0x11, 0xb4,
  0xcf, 0xa1, 0x11, 0xce, 0xdc, 0xaa, 0x12, 0xde, 0xdd, 0xab, 0x12, 0xde,
  0xdd, 0xab, 0x12, 0xdd, 0xdb, 0xaa, 0x12, 0xdd, 0xd9, 0xa9, 0x12, 0xdb,
  0xd9, 0xa8, 0x12, 0xcf, 0xdd, 0xab, 0x12, 0xd4, 0xdc, 0xaa, 0x12, 0xdd,
  0xdc, 0xab, 0x12, 0xdc, 0xdd, 0xab, 0x12, 0xdc, 0xd7, 0xa7, 0x12, 0xdd,
  0xcb, 0x9e, 0x11, 0xc6, 0xb8, 0x8d, 0x11, 0x8a, 0xae, 0x82, 0x14, 0x80,
  0xae, 0x81, 0x14, 0x80, 0xaa, 0x7c, 0x16, 0x60, 0xaf, 0x83, 0x13, 0x68,
  0xb5, 0x8c, 0x10, 0x07, 0xb4, 0x8a, 0x10, 0x00, 0x00, 0x00, 0x00, 0x00,
  0x00, 0x00, 0x00, 0x00, 0xc9, 0x9c, 0x10, 0x00, 0xcc, 0x9f, 0x11, 0x07,
  0xbf, 0x94, 0x10, 0x94, 0xbb, 0x90, 0x10, 0xc1, 0xb2, 0x87, 0x12, 0xc5,
  0xbd, 0x92, 0x11, 0xb9, 0xcb, 0x9d, 0x11, 0xdf, 0xd3, 0xa3, 0x12, 0xf9,
  0xd7, 0xa6, 0x12, 0xfb, 0xd9, 0xa8, 0x12, 0xfd, 0xdc, 0xaa, 0x12, 0xfb,
  0xdd, 0xab, 0x12, 0xf4, 0xdd, 0xab, 0x12, 0xfb, 0xdd, 0xab, 0x12, 0xfd,
  0xdd, 0xab, 0x12, 0xfa, 0xdc, 0xab, 0x12, 0xf6, 0xd4, 0xa4, 0x12, 0xeb,
  0xbf, 0x94, 0x10, 0xcc, 0xb9, 0x8f, 0x10, 0xb6, 0xaf, 0x83, 0x13, 0xb0,
  0xb2, 0x86, 0x13, 0xaa, 0xb3, 0x87, 0x13, 0x1f, 0xcd, 0x9e, 0x13, 0x00,
  0xde, 0xac, 0x12, 0x77, 0xdf, 0xad, 0x12, 0xfc, 0xbe, 0x94, 0x13, 0xfa,
  0x42, 0x36, 0x16, 0xfa, 0x5b, 0x49, 0x16, 0xfb, 0x7f, 0x64, 0x15, 0xfc,
  0x5e, 0x4b, 0x16, 0xfc, 0x68, 0x52, 0x15, 0xfa, 0x4c, 0x3d, 0x16, 0xf9,
  0xa2, 0x7f, 0x14, 0xfb, 0x54, 0x43, 0x15, 0xfb, 0x63, 0x4e, 0x15, 0xf8,
  0x49, 0x3a, 0x14, 0xe3, 0xb4, 0x8c, 0x12, 0xf1, 0xdb, 0xaa, 0x12, 0xff,
  0xd7, 0xa7, 0x12, 0x7e, 0xd6, 0xa6, 0x12, 0x00, 0xcc, 0x9e, 0x11, 0x25,
  0xcb, 0x9d, 0x11, 0xd1, 0xc9, 0x9c, 0x11, 0xcd, 0xd9, 0xa8, 0x12, 0xf9,
  0xdd, 0xab, 0x13, 0xfe, 0xdd, 0xab, 0x12, 0xfe, 0xdc, 0xab, 0x12, 0xfe,
  0xdc, 0xab, 0x12, 0xfc, 0xdd, 0xab, 0x12, 0xf5, 0xdc, 0xab, 0x12, 0xfa,
  0xdc, 0xab, 0x12, 0xfd, 0xdd, 0xab, 0x12, 0xfd, 0xdd, 0xab, 0x13, 0xfd,
  0xd6, 0xa6, 0x12, 0xfb, 0xce, 0xa0, 0x11, 0xe4, 0xc3, 0x97, 0x10, 0xc2,
  0xbf, 0x93, 0x10, 0xbc, 0xba, 0x8e, 0x11, 0xa4, 0xb4, 0x87, 0x13, 0x90,
  0xab, 0x7d, 0x16, 0x4b, 0xaa, 0x7a, 0x17, 0x03, 0xac, 0x7d, 0x16, 0x00,
  0x00, 0x00, 0x00, 0x00, 0x00, 0x00, 0x00, 0x00, 0xd5, 0xa5, 0x11, 0x00,
  0xdf, 0xad, 0x12, 0x05, 0xca, 0x9d, 0x11, 0xa2, 0xbf, 0x94, 0x10, 0xb6,
  0xb6, 0x8c, 0x11, 0xba, 0xc0, 0x94, 0x10, 0xb6, 0xd2, 0xa3, 0x12, 0xf7,
  0xdb, 0xa9, 0x12, 0xfb, 0xdd, 0xab, 0x12, 0xfa, 0xdd, 0xab, 0x12, 0xfb,
  0xdd, 0xab, 0x12, 0xf4, 0xdd, 0xab, 0x12, 0xf6, 0xdd, 0xab, 0x12, 0xfa,
  0xdd, 0xab, 0x12, 0xf3, 0xdd, 0xab, 0x12, 0xf2, 0xd6, 0xa6, 0x12, 0xf6,
  0xcd, 0x9f, 0x11, 0xe2, 0xd0, 0xa1, 0x11, 0xed, 0xcb, 0x9d, 0x11, 0xd7,
  0xb0, 0x84, 0x13, 0xa8, 0xb0, 0x84, 0x13, 0xa9, 0xaf, 0x82, 0x14, 0x2e,
  0xca, 0x9b, 0x13, 0x00, 0xde, 0xac, 0x12, 0x40, 0xdd, 0xac, 0x12, 0xf0,
  0xd7, 0xa6, 0x13, 0xfb, 0xba, 0x91, 0x13, 0xfa, 0xb4, 0x8c, 0x13, 0xfb,
  0xc0, 0x95, 0x13, 0xfc, 0xc6, 0x9a, 0x13, 0xfb, 0xb6, 0x8d, 0x13, 0xfb,
  0xbf, 0x95, 0x13, 0xfb, 0xd1, 0xa2, 0x13, 0xfa, 0xc2, 0x96, 0x13, 0xfb,
  0xb1, 0x8a, 0x13, 0xfc, 0xab, 0x85, 0x12, 0xd8, 0xc4, 0x98, 0x10, 0xca,
  0xcd, 0x9f, 0x11, 0xdd, 0xd5, 0xa5, 0x12, 0x45, 0xd1, 0xa2, 0x11, 0x00,
  0xcf, 0xa1, 0x11, 0x4b, 0xca, 0x9c, 0x11, 0xdb, 0xd4, 0xa5, 0x12, 0xf3,
  0xd8, 0xa8, 0x12, 0xfc, 0xdc, 0xaa, 0x12, 0xfc, 0xdd, 0xab, 0x12, 0xfc,
  0xdd, 0xab, 0x12, 0xfb, 0xdd, 0xab, 0x12, 0xfb, 0xdd, 0xab, 0x12, 0xf8,
  0xdd, 0xab, 0x12, 0xf3, 0xdd, 0xab, 0x12, 0xfa, 0xdd, 0xab, 0x12, 0xfb,
  0xdd, 0xab, 0x12, 0xfb, 0xd8, 0xa7, 0x12, 0xf2, 0xd2, 0xa3, 0x11, 0xe5,
  0xd9, 0xa8, 0x12, 0xf4, 0xd9, 0xa8, 0x12, 0xf6, 0xd6, 0xa6, 0x12, 0xf3,
  0xd0, 0xa1, 0x12, 0xed, 0xb7, 0x8a, 0x13, 0x67, 0xe8, 0xc2, 0x06, 0x00,
  0xa8, 0x76, 0x19, 0x00, 0x00, 0x00, 0x00, 0x00, 0x00, 0x00, 0x00, 0x00,
  0xdc, 0xaa, 0x11, 0x00, 0xff, 0xff, 0x2d, 0x00, 0xd5, 0xa5, 0x12, 0x94,
  0xcc, 0x9e, 0x11, 0xe1, 0xca, 0x9c, 0x11, 0xcf, 0xc0, 0x95, 0x11, 0xc5,
  0xd2, 0xa3, 0x12, 0xfb, 0xdc, 0xaa, 0x12, 0xfb, 0xdd, 0xac, 0x12, 0xfb,
  0xdd, 0xab, 0x12, 0xf7, 0xdd, 0xab, 0x12, 0xf4, 0xdc, 0xaa, 0x12, 0xfb,
  0xdb, 0xa9, 0x12, 0xfa, 0xdd, 0xab, 0x12, 0xf8, 0xdd, 0xab, 0x12, 0xfa,
  0xd0, 0xa1, 0x11, 0xf1, 0xc9, 0x9c, 0x11, 0xe4, 0xd3, 0xa3, 0x12, 0xfa,
  0xd3, 0xa3, 0x12, 0xec, 0xb8, 0x8c, 0x12, 0xa9, 0xb9, 0x8e, 0x11, 0xb3,
  0xbe, 0x93, 0x10, 0x65, 0xc2, 0x94, 0x13, 0x00, 0xe0, 0xae, 0x12, 0x0b,
  0xdd, 0xab, 0x12, 0xb4, 0xdd, 0xac, 0x12, 0xff, 0xdf, 0xad, 0x12, 0xfa,
  0xdf, 0xad, 0x12, 0xfb, 0xdd, 0xab, 0x12, 0xfb, 0xde, 0xac, 0x12, 0xfb,
  0xdf, 0xad, 0x12, 0xfb, 0xdf, 0xad, 0x12, 0xfa, 0xde, 0xac, 0x12, 0xfa,
  0xde, 0xac, 0x12, 0xfb, 0xd8, 0xa7, 0x12, 0xfd, 0xd2, 0xa3, 0x11, 0xf1,
  0xcf, 0xa0, 0x11, 0xea, 0xcc, 0x9e, 0x11, 0xb0, 0xcc, 0x9e, 0x11, 0x0d,
  0x8d, 0x6e, 0x0e, 0x00, 0xdb, 0xaa, 0x12, 0x94, 0xd1, 0xa2, 0x11, 0xf5,
  0xd3, 0xa4, 0x12, 0xf9, 0xdb, 0xaa, 0x12, 0xfb, 0xdd, 0xab, 0x12, 0xfb,
  0xdd, 0xab, 0x12, 0xfc, 0xdd, 0xab, 0x12, 0xfb, 0xdd, 0xac, 0x13, 0xfb,
  0xde, 0xac, 0x13, 0xfa, 0xdd, 0xac, 0x12, 0xf3, 0xde, 0xac, 0x12, 0xf6,
  0xdd, 0xac, 0x12, 0xfa, 0xdc, 0xab, 0x12, 0xfc, 0xd1, 0xa2, 0x11, 0xda,
  0xd0, 0xa1, 0x11, 0xe5, 0xdc, 0xab, 0x12, 0xfb, 0xdd, 0xac, 0x13, 0xfc,
  0xdb, 0xa9, 0x12, 0xfc, 0xd1, 0xa2, 0x11, 0xfb, 0xbf, 0x93, 0x10, 0x84,
  0xd5, 0xa7, 0x10, 0x00, 0xb2, 0x87, 0x10, 0x00, 0x00, 0x00, 0x00, 0x00,
  0x00, 0x00, 0x00, 0x00, 0xdc, 0xaf, 0x0c, 0x00, 0xdc, 0xab, 0x13, 0x00,
  0xde, 0xac, 0x12, 0x7b, 0xdc, 0xab, 0x12, 0xfe, 0xdb, 0xa9, 0x12, 0xf8,
  0xd7, 0xa7, 0x12, 0xf7, 0xd8, 0xa7, 0x12, 0xfc, 0xdb, 0xaa, 0x12, 0xfb,
  0xdb, 0xaa, 0x12, 0xf8, 0xd7, 0xa6, 0x12, 0xea, 0xd6, 0xa6, 0x13, 0xfa,
  0xd4, 0xa4, 0x13, 0xfc, 0xcf, 0xa1, 0x12, 0xfb, 0xd1, 0xa2, 0x12, 0xf8,
  0xd7, 0xa7, 0x12, 0xf7, 0xcc, 0x9e, 0x11, 0xe0, 0xcb, 0x9e, 0x11, 0xe0,
  0xd4, 0xa5, 0x12, 0xf8, 0xd0, 0xa1, 0x11, 0xe8, 0xc1, 0x95, 0x11, 0xbd,
  0xbd, 0x92, 0x10, 0xbe, 0xc7, 0x9a, 0x10, 0xb4, 0xc7, 0x9a, 0x10, 0x1f,
  0xd6, 0xa6, 0x12, 0x00, 0xde, 0xac, 0x12, 0x3e, 0xdd, 0xab, 0x12, 0xe3,
  0xdd, 0xab, 0x12, 0xfc, 0xdb, 0xaa, 0x12, 0xfb, 0xd6, 0xa6, 0x12, 0xfa,
  0xda, 0xa9, 0x12, 0xfa, 0xdd, 0xab, 0x12, 0xfb, 0xdd, 0xab, 0x12, 0xfa,
  0xdd, 0xab, 0x12, 0xf9, 0xdd, 0xab, 0x12, 0xfa, 0xdc, 0xaa, 0x12, 0xfb,
  0xdb, 0xa9, 0x12, 0xf3, 0xdc, 0xaa, 0x12, 0xda, 0xdb, 0xaa, 0x12, 0x44,
  0xdb, 0xaa, 0x12, 0x00, 0xdc, 0xab, 0x12, 0x29, 0xda, 0xa9, 0x12, 0xda,
  0xd9, 0xa8, 0x12, 0xfd, 0xd1, 0xa2, 0x11, 0xfb, 0xda, 0xa9, 0x12, 0xfb,
  0xd7, 0xa7, 0x12, 0xfb, 0xd1, 0xa2, 0x12, 0xfa, 0xd5, 0xa5, 0x13, 0xfa,
  0xd5, 0xa5, 0x13, 0xfc, 0xd5, 0xa5, 0x13, 0xfb, 0xd5, 0xa5, 0x13, 0xf8,
  0xd5, 0xa5, 0x13, 0xf3, 0xd7, 0xa6, 0x13, 0xfc, 0xdc, 0xab, 0x12, 0xf7,
  0xd7, 0xa6, 0x12, 0xee, 0xd7, 0xa7, 0x12, 0xfc, 0xdc, 0xab, 0x12, 0xfc,
  0xdb, 0xaa, 0x12, 0xfc, 0xd2, 0xa3, 0x12, 0xe9, 0xc2, 0x96, 0x11, 0xcb,
  0xbb, 0x91, 0x10, 0x5c, 0xbd, 0x92, 0x10, 0x00, 0xdd, 0xc5, 0x00, 0x00,
  0x00, 0x00, 0x00, 0x00, 0x00, 0x00, 0x00, 0x00, 0xda, 0xa6, 0x14, 0x00,
  0xdd, 0xab, 0x13, 0x00, 0xde, 0xac, 0x13, 0x56, 0xdd, 0xab, 0x12, 0xf9,
  0xdb, 0xaa, 0x12, 0xfc, 0xd2, 0xa3, 0x12, 0xfb, 0xce, 0xa0, 0x11, 0xf4,
  0xcc, 0x9e, 0x11, 0xdb, 0xcc, 0x9e, 0x11, 0xdc, 0xc0, 0x95, 0x11, 0xcd,
  0x6c, 0x55, 0x14, 0xf1, 0x4d, 0x3e, 0x15, 0xeb, 0x4b, 0x3c, 0x14, 0xef,
  0x4a, 0x3b, 0x14, 0xf3, 0x5c, 0x49, 0x15, 0xf4, 0x7c, 0x61, 0x13, 0xd1,
  0xbb, 0x91, 0x11, 0xd3, 0xca, 0x9d, 0x11, 0xd4, 0xc5, 0x98, 0x10, 0xc1,
  0xbd, 0x92, 0x10, 0xac, 0xbd, 0x92, 0x11, 0xb9, 0xd0, 0xa1, 0x11, 0xf2,
  0xd0, 0xa1, 0x11, 0x87, 0xdf, 0xad, 0x12, 0x05, 0xc8, 0x9b, 0x11, 0x00,
  0xd7, 0xa7, 0x12, 0x58, 0xd8, 0xa7, 0x12, 0xe3, 0xd8, 0xa8, 0x12, 0xfe,
  0xd5, 0xa5, 0x12, 0xf9, 0xce, 0x9f, 0x11, 0xe9, 0xd8, 0xa7, 0x12, 0xf8,
  0xdd, 0xab, 0x12, 0xfb, 0xdd, 0xab, 0x12, 0xfa, 0xdd, 0xab, 0x12, 0xfc,
  0xdd, 0xab, 0x12, 0xfe, 0xdd, 0xab, 0x12, 0xe0, 0xde, 0xac, 0x12, 0x55,
  0x8e, 0x6f, 0x0d, 0x00, 0xcd, 0x9f, 0x10, 0x04, 0xcd, 0x9f, 0x11, 0x87,
  0xc5, 0x98, 0x11, 0xd3, 0xc9, 0x9b, 0x11, 0xce, 0xcd, 0x9f, 0x11, 0xe4,
  0xd8, 0xa7, 0x12, 0xf8, 0x88, 0x6b, 0x14, 0xfb, 0x47, 0x39, 0x16, 0xfb,
  0x4c, 0x3d, 0x16, 0xfb, 0x4e, 0x3e, 0x16, 0xfb, 0x4e, 0x3f, 0x16, 0xf9,
  0x4d, 0x3e, 0x16, 0xf8, 0x4a, 0x3c, 0x16, 0xf4, 0x67, 0x51, 0x15, 0xf9,
  0xca, 0x9d, 0x12, 0xe6, 0xd4, 0xa5, 0x12, 0xf5, 0xd4, 0xa4, 0x12, 0xee,
  0xd1, 0xa2, 0x11, 0xef, 0xcc, 0x9e, 0x11, 0xe5, 0xbe, 0x92, 0x11, 0xbc,
  0xb4, 0x89, 0x11, 0xb2, 0xb9, 0x8f, 0x10, 0x31, 0xb9, 0x8e, 0x10, 0x00,
  0xb5, 0x82, 0x0f, 0x00, 0x00, 0x00, 0x00, 0x00, 0x00, 0x00, 0x00, 0x00,
  0xda, 0xba, 0x00, 0x00, 0xde, 0xad, 0x13, 0x00, 0xde, 0xac, 0x12, 0x2e,
  0xdd, 0xab, 0x12, 0xe8, 0xd9, 0xa8, 0x12, 0xfc, 0xce, 0x9f, 0x11, 0xf7,
  0xd0, 0xa1, 0x11, 0xf5, 0xcc, 0x9e, 0x11, 0xda, 0xbf, 0x93, 0x11, 0xb5,
  0xb1, 0x88, 0x11, 0xb7, 0x42, 0x34, 0x14, 0xdd, 0x1a, 0x15, 0x15, 0xcc,
  0x2a, 0x23, 0x13, 0xc4, 0x31, 0x28, 0x15, 0xe4, 0x24, 0x1e, 0x17, 0xf9,
  0x1e, 0x19, 0x16, 0xe8, 0x5d, 0x4a, 0x14, 0xe5, 0xcb, 0x9d, 0x12, 0xf7,
  0xd3, 0xa3, 0x11, 0xe6, 0xb9, 0x8d, 0x11, 0xbe, 0xb5, 0x89, 0x12, 0xb7,
  0xcc, 0x9e, 0x11, 0xef, 0xda, 0xa9, 0x12, 0xf4, 0xdc, 0xaa, 0x12, 0x6b,
  0xff, 0xe5, 0x1c, 0x00, 0xf0, 0xba, 0x14, 0x00, 0xda, 0xa9, 0x12, 0x3f,
  0xdd, 0xab, 0x12, 0xb6, 0xdd, 0xab, 0x12, 0xf1, 0xd7, 0xa7, 0x12, 0xfd,
  0xd8, 0xa8, 0x12, 0xff, 0xdc, 0xab, 0x12, 0xff, 0xdd, 0xab, 0x12, 0xfe,
  0xdd, 0xab, 0x13, 0xf4, 0xde, 0xac, 0x13, 0xb9, 0xdf, 0xad, 0x13, 0x42,
  0xd4, 0xa5, 0x13, 0x00, 0xca, 0x9a, 0x15, 0x00, 0xbe, 0x92, 0x11, 0x4f,
  0xb9, 0x8d, 0x11, 0xb3, 0xb3, 0x88, 0x12, 0x9e, 0xb1, 0x85, 0x12, 0xb3,
  0xb6, 0x8a, 0x12, 0xbb, 0xc1, 0x94, 0x11, 0xc3, 0x74, 0x5c, 0x14, 0xf0,
  0x35, 0x2c, 0x16, 0xf9, 0x39, 0x2f, 0x17, 0xfb, 0x24, 0x1e, 0x17, 0xfa,
  0x1f, 0x1a, 0x17, 0xf7, 0x34, 0x2b, 0x17, 0xe2, 0x37, 0x2d, 0x17, 0xf0,
  0x52, 0x41, 0x15, 0xed, 0xbc, 0x92, 0x11, 0xce, 0xc7, 0x9a, 0x10, 0xd6,
  0xc5, 0x98, 0x10, 0xd7, 0xc9, 0x9c, 0x11, 0xea, 0xc2, 0x96, 0x10, 0xce,
  0xc8, 0x9b, 0x11, 0xe2, 0xc5, 0x98, 0x11, 0xc0, 0xc1, 0x95, 0x10, 0x1e,
  0xc1, 0x96, 0x10, 0x00, 0xc3, 0xb7, 0x00, 0x00, 0x00, 0x00, 0x00, 0x00,
  0x00, 0x00, 0x00, 0x00, 0x00, 0x00, 0x00, 0x00, 0xdb, 0xaa, 0x12, 0x00,
  0xdb, 0xaa, 0x12, 0x0f, 0xd8, 0xa7, 0x12, 0xc6, 0xd8, 0xa8, 0x12, 0xff,
  0xcf, 0xa0, 0x11, 0xee, 0xca, 0x9d, 0x11, 0xd9, 0xd1, 0xa2, 0x11, 0xe9,
  0xc9, 0x9b, 0x11, 0xd7, 0xb8, 0x8e, 0x10, 0xc3, 0x51, 0x3f, 0x13, 0xb4,
  0x28, 0x1d, 0x16, 0xb7, 0x7a, 0x5d, 0x13, 0xbe, 0xb5, 0x8c, 0x11, 0xcf,
  0x95, 0x74, 0x13, 0xdf, 0x37, 0x2a, 0x15, 0xcb, 0x1f, 0x1a, 0x15, 0xd3,
  0x8b, 0x6d, 0x14, 0xfa, 0xdb, 0xaa, 0x12, 0xf9, 0xc7, 0x9a, 0x11, 0xe1,
  0xcb, 0x9d, 0x11, 0xe9, 0xd9, 0xa8, 0x12, 0xfa, 0xdd, 0xab, 0x12, 0xfc,
  0xdb, 0xaa, 0x12, 0xec, 0xdd, 0xab, 0x12, 0x6c, 0xe2, 0xaf, 0x13, 0x06,
  0xd9, 0xa8, 0x12, 0x00, 0xe1, 0xaf, 0x13, 0x0d, 0xdf, 0xad, 0x13, 0x44,
  0xde, 0xac, 0x13, 0x7e, 0xde, 0xac, 0x13, 0x9b, 0xdd, 0xac, 0x13, 0x9b,
  0xde, 0xac, 0x12, 0x7e, 0xde, 0xac, 0x13, 0x46, 0xe1, 0xae, 0x13, 0x0e,
  0xdd, 0xab, 0x13, 0x00, 0xee, 0xb9, 0x14, 0x06, 0xda, 0xa9, 0x12, 0x65,
  0xbe, 0x92, 0x11, 0xc9, 0xac, 0x80, 0x14, 0x6c, 0xa6, 0x76, 0x18, 0x13,
  0xab, 0x7e, 0x15, 0x74, 0xad, 0x80, 0x14, 0xb1, 0xaf, 0x82, 0x14, 0x88,
  0xbe, 0x93, 0x11, 0xd9, 0xb7, 0x8e, 0x11, 0xe3, 0xb5, 0x8d, 0x12, 0xf0,
  0x3f, 0x33, 0x16, 0xfa, 0x25, 0x1f, 0x17, 0xfb, 0xa1, 0x7d, 0x14, 0xf4,
  0xcd, 0x9f, 0x13, 0xe3, 0xc3, 0x98, 0x12, 0xcf, 0xc2, 0x96, 0x10, 0xb2,
  0xc1, 0x95, 0x10, 0xc9, 0xcb, 0x9d, 0x11, 0xe1, 0xd5, 0xa5, 0x12, 0xfa,
  0xd1, 0xa2, 0x11, 0xec, 0xd7, 0xa7, 0x12, 0xfc, 0xd8, 0xa7, 0x12, 0xc8,
  0xd5, 0xa5, 0x11, 0x10, 0xd4, 0xa5, 0x11, 0x00, 0x00, 0x00, 0x00, 0x00,
  0x00, 0x00, 0x00, 0x00, 0x00, 0x00, 0x00, 0x00, 0x00, 0x00, 0x00, 0x00,
  0xdf, 0xad, 0x12, 0x00, 0xce, 0xa0, 0x12, 0x00, 0xda, 0xa9, 0x12, 0x8d,
  0xd8, 0xa7, 0x12, 0xff, 0xd2, 0xa3, 0x12, 0xf6, 0xcb, 0x9d, 0x11, 0xe4,
  0xc1, 0x95, 0x10, 0xcd, 0xc5, 0x99, 0x10, 0xd6, 0xc3, 0x97, 0x11, 0xd4,
  0x53, 0x41, 0x14, 0xca, 0x2c, 0x1f, 0x17, 0xaa, 0x80, 0x5e, 0x16, 0x9a,
  0xbc, 0x90, 0x11, 0xb4, 0xc4, 0x98, 0x10, 0xb5, 0x70, 0x56, 0x13, 0xbd,
  0x1d, 0x17, 0x15, 0xb6, 0x57, 0x45, 0x14, 0xe9, 0xc9, 0x9c, 0x11, 0xfe,
  0xd0, 0xa1, 0x11, 0xf1, 0xd6, 0xa6, 0x12, 0xf1, 0xdc, 0xaa, 0x12, 0xfa,
  0xdd, 0xab, 0x12, 0xfb, 0xdd, 0xab, 0x12, 0xfc, 0xdc, 0xab, 0x12, 0xf5,
  0xdb, 0xaa, 0x12, 0x8a, 0xd3, 0xa4, 0x11, 0x07, 0xdc, 0xab, 0x12, 0x00,
  0xde, 0xac, 0x13, 0x00, 0xdb, 0xaa, 0x12, 0x00, 0x2d, 0x24, 0x0f, 0x00,
  0x00, 0x00, 0x0a, 0x00, 0xdc, 0xaa, 0x13, 0x00, 0xde, 0xac, 0x13, 0x00,
  0xde, 0xac, 0x12, 0x00, 0xd5, 0xa4, 0x11, 0x04, 0xd5, 0xa5, 0x12, 0x7e,
  0xd4, 0xa5, 0x12, 0xeb, 0xbf, 0x93, 0x11, 0xc6, 0xae, 0x81, 0x14, 0x65,
  0xcf, 0xb4, 0x00, 0x00, 0xa9, 0x7b, 0x17, 0x40, 0xab, 0x7d, 0x16, 0x68,
  0xa8, 0x78, 0x18, 0x44, 0xb8, 0x8c, 0x12, 0xae, 0xc1, 0x95, 0x10, 0xc8,
  0xb4, 0x8c, 0x11, 0xc0, 0x3d, 0x31, 0x16, 0xf6, 0x25, 0x20, 0x17, 0xfb,
  0xab, 0x85, 0x14, 0xf6, 0xd6, 0xa5, 0x11, 0xe1, 0xcc, 0x9e, 0x11, 0xc9,
  0xd0, 0xa1, 0x11, 0xbd, 0xd9, 0xa8, 0x12, 0xf6, 0xdb, 0xaa, 0x12, 0xf9,
  0xdd, 0xab, 0x12, 0xfa, 0xdd, 0xab, 0x12, 0xfb, 0xda, 0xa9, 0x12, 0xff,
  0xdc, 0xab, 0x12, 0x92, 0x17, 0x11, 0x08, 0x00, 0xe7, 0xb3, 0x13, 0x00,
  0x00, 0x00, 0x00, 0x00, 0x00, 0x00, 0x00, 0x00, 0x00, 0x00, 0x00, 0x00,
  0x00, 0x00, 0x00, 0x00, 0xdf, 0xad, 0x13, 0x00, 0xd7, 0xa6, 0x12, 0x00,
  0xd8, 0xa7, 0x12, 0x40, 0xd1, 0xa2, 0x12, 0xdd, 0xd4, 0xa5, 0x12, 0xf2,
  0xd3, 0xa3, 0x12, 0xf4, 0xcb, 0x9d, 0x11, 0xe6, 0xca, 0x9d, 0x11, 0xec,
  0xce, 0x9f, 0x12, 0xfa, 0x54, 0x43, 0x14, 0xec, 0x23, 0x1a, 0x16, 0xb9,
  0x79, 0x58, 0x17, 0x84, 0xb6, 0x8a, 0x11, 0xbd, 0xc0, 0x95, 0x10, 0xbe,
  0x85, 0x68, 0x11, 0xb9, 0x1e, 0x18, 0x14, 0xb4, 0x48, 0x39, 0x14, 0xd9,
  0xbf, 0x95, 0x11, 0xf3, 0xce, 0xa0, 0x11, 0xf7, 0xda, 0xa9, 0x12, 0xef,
  0xdc, 0xab, 0x12, 0xe9, 0xdc, 0xab, 0x12, 0xf5, 0xdd, 0xab, 0x12, 0xfb,
  0xdd, 0xab, 0x12, 0xfe, 0xdd, 0xab, 0x12, 0x8a, 0xd6, 0xa6, 0x11, 0x02,
  0xda, 0xa9, 0x12, 0x00, 0xe1, 0xad, 0x13, 0x00, 0xdf, 0xaf, 0x10, 0x00,
  0xe3, 0xb0, 0x12, 0x00, 0xe2, 0xb0, 0x12, 0x00, 0xdd, 0xae, 0x10, 0x00,
  0xe0, 0xad, 0x13, 0x00, 0xd3, 0xa3, 0x11, 0x00, 0xf8, 0xc0, 0x12, 0x01,
  0xc6, 0x99, 0x11, 0x62, 0xc2, 0x96, 0x11, 0xc1, 0xbc, 0x90, 0x11, 0xa7,
  0xac, 0x7f, 0x15, 0x67, 0xa5, 0x74, 0x1b, 0x1a, 0xa6, 0x73, 0x1c, 0x1e,
  0xa6, 0x73, 0x1c, 0x20, 0xa8, 0x78, 0x18, 0x19, 0xae, 0x82, 0x14, 0x9e,
  0xb4, 0x89, 0x11, 0xc0, 0xb0, 0x88, 0x11, 0xc6, 0x3f, 0x33, 0x16, 0xf7,
  0x25, 0x20, 0x17, 0xfb, 0xa4, 0x80, 0x13, 0xec, 0xcc, 0x9e, 0x11, 0xcb,
  0xd5, 0xa5, 0x12, 0xeb, 0xdc, 0xab, 0x12, 0xe0, 0xdd, 0xab, 0x12, 0xe2,
  0xdc, 0xab, 0x12, 0xf8, 0xdd, 0xab, 0x12, 0xfc, 0xdd, 0xab, 0x12, 0xfc,
  0xdc, 0xaa, 0x12, 0xf5, 0xdd, 0xac, 0x12, 0x4d, 0xdd, 0xab, 0x12, 0x00,
  0xe2, 0xaf, 0x13, 0x00, 0x00, 0x00, 0x00, 0x00, 0x00, 0x00, 0x00, 0x00,
  0x00, 0x00, 0x00, 0x00, 0x00, 0x00, 0x00, 0x00, 0xda, 0xb5, 0x05, 0x00,
  0xb6, 0x8a, 0x11, 0x00, 0xb1, 0x87, 0x11, 0x07, 0xb1, 0x84, 0x14, 0x64,
  0xb7, 0x8b, 0x12, 0xba, 0xbe, 0x92, 0x11, 0xca, 0xc5, 0x99, 0x10, 0xc3,
  0xd0, 0xa1, 0x11, 0xd5, 0xd7, 0xa7, 0x13, 0xf2, 0x58, 0x45, 0x14, 0xe4,
  0x27, 0x1c, 0x16, 0x9e, 0x82, 0x5d, 0x18, 0x6c, 0xb5, 0x8a, 0x11, 0xab,
  0xbc, 0x91, 0x10, 0xb9, 0x7b, 0x5f, 0x12, 0xb0, 0x2a, 0x1e, 0x16, 0xae,
  0x55, 0x3f, 0x15, 0x9c, 0xb9, 0x8e, 0x11, 0xcb, 0xd4, 0xa5, 0x12, 0xf6,
  0xdd, 0xab, 0x12, 0xfb, 0xdd, 0xac, 0x12, 0xf6, 0xdd, 0xab, 0x12, 0xeb,
  0xdc, 0xaa, 0x12, 0xef, 0xdc, 0xaa, 0x12, 0xd0, 0xde, 0xad, 0x12, 0x21,
  0xdd, 0xac, 0x12, 0x00, 0xda, 0xa9, 0x12, 0x00, 0x00, 0x00, 0x00, 0x00,
  0x00, 0x00, 0x00, 0x00, 0x00, 0x00, 0x00, 0x00, 0x00, 0x00, 0x00, 0x00,
  0x00, 0x00, 0x00, 0x00, 0x00, 0x00, 0x00, 0x00, 0xd3, 0xa3, 0x11, 0x00,
  0xb8, 0x8c, 0x11, 0x00, 0xae, 0x84, 0x11, 0x0d, 0xae, 0x81, 0x14, 0x67,
  0xab, 0x7c, 0x16, 0x6a, 0xa8, 0x79, 0x18, 0x54, 0xa6, 0x75, 0x1a, 0x3f,
  0xa7, 0x74, 0x1b, 0x18, 0xa6, 0x72, 0x1c, 0x0a, 0xa8, 0x77, 0x18, 0x26,
  0xae, 0x82, 0x14, 0xa5, 0xb9, 0x8f, 0x10, 0xbc, 0xb6, 0x8d, 0x11, 0xbd,
  0x3d, 0x31, 0x15, 0xe0, 0x22, 0x1d, 0x16, 0xf0, 0x91, 0x71, 0x12, 0xc7,
  0xcf, 0xa1, 0x11, 0xe2, 0xda, 0xa9, 0x12, 0xfa, 0xdc, 0xab, 0x12, 0xf3,
  0xdc, 0xab, 0x12, 0xe9, 0xdb, 0xaa, 0x12, 0xe2, 0xdd, 0xab, 0x12, 0xf5,
  0xdd, 0xab, 0x12, 0xfe, 0xdd, 0xab, 0x12, 0xcc, 0xde, 0xac, 0x12, 0x15,
  0xde, 0xac, 0x12, 0x00, 0xdc, 0xa9, 0x08, 0x00, 0x00, 0x00, 0x00, 0x00,
  0x00, 0x00, 0x00, 0x00, 0x00, 0x00, 0x00, 0x00, 0x00, 0x00, 0x00, 0x00,
  0x00, 0x00, 0x00, 0x00, 0xc9, 0xa1, 0x0b, 0x00, 0xad, 0x80, 0x15, 0x00,
  0xa6, 0x76, 0x18, 0x24, 0xb0, 0x84, 0x13, 0x97, 0xbd, 0x92, 0x10, 0xbb,
  0xbd, 0x92, 0x10, 0xd5, 0xd4, 0xa4, 0x12, 0xf0, 0xd4, 0xa4, 0x12, 0xeb,
  0x5b, 0x48, 0x14, 0xc0, 0x2d, 0x1f, 0x17, 0x6e, 0x8d, 0x65, 0x18, 0x74,
  0xae, 0x81, 0x14, 0x97, 0xa5, 0x7b, 0x14, 0xa1, 0x58, 0x40, 0x16, 0xa4,
  0x28, 0x1d, 0x16, 0xa2, 0x68, 0x4a, 0x18, 0x74, 0xb5, 0x89, 0x12, 0x93,
  0xc6, 0x99, 0x11, 0xbf, 0xd1, 0xa2, 0x11, 0xe9, 0xd9, 0xa9, 0x12, 0xf7,
  0xda, 0xa9, 0x12, 0xfb, 0xd3, 0xa4, 0x12, 0xe9, 0xd2, 0xa3, 0x11, 0x5f,
  0xca, 0x9c, 0x11, 0x00, 0xdf, 0xae, 0x11, 0x00, 0xce, 0xab, 0x03, 0x00,
  0x00, 0x00, 0x00, 0x00, 0x00, 0x00, 0x00, 0x00, 0x00, 0x00, 0x00, 0x00,
  0x00, 0x00, 0x00, 0x00, 0x00, 0x00, 0x00, 0x00, 0x00, 0x00, 0x00, 0x00,
  0xb3, 0x5e, 0x00, 0x00, 0xb9, 0x90, 0x10, 0x00, 0xaf, 0x83, 0x13, 0x00,
  0xac, 0x7e, 0x15, 0x29, 0xaf, 0x83, 0x13, 0xae, 0xad, 0x80, 0x14, 0x9c,
  0xa7, 0x77, 0x19, 0x39, 0xa6, 0x75, 0x1a, 0x0e, 0xa5, 0x70, 0x1d, 0x07,
  0xa8, 0x79, 0x18, 0x56, 0xad, 0x80, 0x14, 0xa2, 0xb8, 0x8d, 0x11, 0xbe,
  0xab, 0x83, 0x11, 0xb0, 0x35, 0x2a, 0x14, 0xbd, 0x23, 0x1d, 0x15, 0xc9,
  0xa3, 0x7f, 0x12, 0xed, 0xd3, 0xa3, 0x11, 0xf5, 0xdb, 0xaa, 0x12, 0xfb,
  0xdd, 0xab, 0x12, 0xfb, 0xdd, 0xab, 0x12, 0xf5, 0xdd, 0xab, 0x12, 0xea,
  0xdd, 0xab, 0x12, 0xdf, 0xdd, 0xab, 0x12, 0xf2, 0xdd, 0xac, 0x12, 0x7c,
  0xda, 0xa9, 0x12, 0x00, 0xe3, 0xb0, 0x12, 0x00, 0x00, 0x00, 0x00, 0x00,
  0x00, 0x00, 0x00, 0x00, 0x00, 0x00, 0x00, 0x00, 0x00, 0x00, 0x00, 0x00,
  0x00, 0x00, 0x00, 0x00, 0x00, 0x00, 0x00, 0x00, 0xa8, 0x78, 0x18, 0x00,
  0xb2, 0x86, 0x13, 0x00, 0xae, 0x83, 0x12, 0x0d, 0xbe, 0x92, 0x11, 0x96,
  0xc5, 0x98, 0x10, 0xcd, 0xbf, 0x93, 0x10, 0xd3, 0xc7, 0x9a, 0x11, 0xd1,
  0xc5, 0x99, 0x11, 0xdf, 0x58, 0x45, 0x13, 0xb5, 0x27, 0x1c, 0x16, 0x74,
  0x5c, 0x43, 0x16, 0x91, 0x7b, 0x56, 0x19, 0x57, 0x4b, 0x34, 0x18, 0x7c,
  0x3c, 0x27, 0x1a, 0x78, 0x4e, 0x34, 0x1a, 0x61, 0x8f, 0x65, 0x19, 0x51,
  0xaa, 0x7b, 0x17, 0x35, 0xb4, 0x89, 0x12, 0x86, 0xc4, 0x98, 0x11, 0xdc,
  0xc3, 0x97, 0x11, 0xd5, 0xcd, 0x9f, 0x11, 0xf3, 0xcf, 0xa0, 0x11, 0xb0,
  0xcd, 0x9f, 0x11, 0x0d, 0xcf, 0xa0, 0x11, 0x00, 0xdd, 0xac, 0x12, 0x00,
  0x00, 0x00, 0x00, 0x00, 0x00, 0x00, 0x00, 0x00, 0x00, 0x00, 0x00, 0x00,
  0x00, 0x00, 0x00, 0x00, 0x00, 0x00, 0x00, 0x00, 0x00, 0x00, 0x00, 0x00,
  0x00, 0x00, 0x00, 0x00, 0x00, 0x00, 0x00, 0x00, 0xac, 0x7f, 0x12, 0x00,
  0xb2, 0x87, 0x12, 0x00, 0xb5, 0x89, 0x11, 0x06, 0xb2, 0x87, 0x12, 0x88,
  0xb0, 0x85, 0x13, 0xc7, 0xad, 0x81, 0x14, 0x92, 0xae, 0x81, 0x14, 0x7c,
  0xaa, 0x7b, 0x17, 0x4a, 0xa8, 0x78, 0x18, 0x59, 0xa8, 0x78, 0x19, 0x55,
  0xae, 0x81, 0x15, 0x6b, 0xa2, 0x79, 0x14, 0x8b, 0x3c, 0x2d, 0x15, 0xa3,
  0x25, 0x1e, 0x15, 0xcb, 0xa8, 0x83, 0x13, 0xf4, 0xdc, 0xab, 0x12, 0xfa,
  0xda, 0xa9, 0x12, 0xfc, 0xdc, 0xaa, 0x12, 0xfa, 0xdd, 0xab, 0x12, 0xfa,
  0xdc, 0xab, 0x12, 0xf8, 0xdc, 0xab, 0x12, 0xf2, 0xdd, 0xab, 0x12, 0xc7,
  0xde, 0xac, 0x12, 0x23, 0xde, 0xac, 0x12, 0x00, 0xe0, 0xae, 0x12, 0x00,
  0x00, 0x00, 0x00, 0x00, 0x00, 0x00, 0x00, 0x00, 0x00, 0x00, 0x00, 0x00,
  0x00, 0x00, 0x00, 0x00, 0x00, 0x00, 0x00, 0x00, 0x00, 0x00, 0x00, 0x00,
  0x00, 0x00, 0x00, 0x00, 0xc1, 0x94, 0x0e, 0x00, 0xbd, 0x91, 0x11, 0x00,
  0xb9, 0x8e, 0x11, 0x46, 0xc2, 0x96, 0x10, 0xba, 0xba, 0x8f, 0x11, 0xa8,
  0xb8, 0x8d, 0x11, 0xb0, 0xc9, 0x9c, 0x11, 0xeb, 0x57, 0x45, 0x15, 0xf6,
  0x25, 0x1e, 0x15, 0xc7, 0x31, 0x23, 0x16, 0x87, 0x3d, 0x29, 0x19, 0x61,
  0x49, 0x33, 0x18, 0x7d, 0x6d, 0x51, 0x15, 0x9a, 0x97, 0x6f, 0x15, 0x8a,
  0xa9, 0x79, 0x19, 0x47, 0xa7, 0x77, 0x18, 0x47, 0xaf, 0x82, 0x13, 0x88,
  0xb6, 0x8b, 0x11, 0xc4, 0xb2, 0x86, 0x12, 0xaa, 0xc4, 0x98, 0x10, 0xcc,
  0xd2, 0xa3, 0x11, 0x49, 0xcd, 0x9f, 0x11, 0x00, 0xc7, 0x9a, 0x11, 0x00,
  0xff, 0xff, 0x00, 0x00, 0x00, 0x00, 0x00, 0x00, 0x00, 0x00, 0x00, 0x00,
  0x00, 0x00, 0x00, 0x00, 0x00, 0x00, 0x00, 0x00, 0x00, 0x00, 0x00, 0x00,
  0x00, 0x00, 0x00, 0x00, 0x00, 0x00, 0x00, 0x00, 0x00, 0x00, 0x00, 0x00,
  0x00, 0x00, 0x00, 0x00, 0xb2, 0x86, 0x12, 0x00, 0xac, 0x7f, 0x15, 0x00,
  0xaa, 0x7d, 0x15, 0x21, 0xae, 0x81, 0x14, 0xa1, 0xb1, 0x85, 0x12, 0xc8,
  0xaf, 0x83, 0x13, 0x92, 0xa8, 0x79, 0x17, 0x53, 0xa7, 0x77, 0x19, 0x5d,
  0xa7, 0x76, 0x1a, 0x41, 0xa6, 0x72, 0x1c, 0x20, 0xa8, 0x7b, 0x15, 0x73,
  0x54, 0x3e, 0x15, 0x7d, 0x31, 0x26, 0x15, 0xba, 0xb3, 0x8b, 0x13, 0xed,
  0xdd, 0xab, 0x12, 0xfa, 0xd8, 0xa7, 0x12, 0xfb, 0xd6, 0xa6, 0x12, 0xfb,
  0xdd, 0xab, 0x12, 0xfa, 0xdd, 0xab, 0x12, 0xfb, 0xdd, 0xab, 0x12, 0xfd,
  0xdd, 0xac, 0x12, 0x82, 0xd4, 0xa4, 0x13, 0x00, 0xdf, 0xad, 0x12, 0x00,
  0xed, 0xa8, 0x00, 0x00, 0x00, 0x00, 0x00, 0x00, 0x00, 0x00, 0x00, 0x00,
  0x00, 0x00, 0x00, 0x00, 0x00, 0x00, 0x00, 0x00, 0x00, 0x00, 0x00, 0x00,
  0x00, 0x00, 0x00, 0x00, 0x00, 0x00, 0x00, 0x00, 0xb5, 0x87, 0x12, 0x00,
  0xb7, 0x8c, 0x11, 0x00, 0xb7, 0x8d, 0x11, 0x10, 0xb7, 0x8c, 0x10, 0x89,
  0xb9, 0x8e, 0x11, 0xb2, 0xbf, 0x94, 0x10, 0xc0, 0xc6, 0x9a, 0x11, 0xd0,
  0xa9, 0x83, 0x12, 0xe4, 0xa7, 0x82, 0x12, 0xe8, 0xac, 0x84, 0x12, 0xb4,
  0x98, 0x72, 0x14, 0x9e, 0xad, 0x85, 0x11, 0xb5, 0xc3, 0x97, 0x11, 0xe0,
  0xc2, 0x95, 0x11, 0xc4, 0xae, 0x82, 0x14, 0x67, 0xab, 0x7e, 0x15, 0x82,
  0xaf, 0x83, 0x13, 0x9f, 0xb1, 0x85, 0x12, 0xb8, 0xaf, 0x83, 0x13, 0xa0,
  0xb6, 0x8b, 0x11, 0x63, 0xcb, 0xa1, 0x0d, 0x03, 0xc6, 0x9a, 0x10, 0x00,
  0xd9, 0xa9, 0x11, 0x00, 0x00, 0x00, 0x00, 0x00, 0x00, 0x00, 0x00, 0x00,
  0x00, 0x00, 0x00, 0x00, 0x00, 0x00, 0x00, 0x00, 0x00, 0x00, 0x00, 0x00,
  0x00, 0x00, 0x00, 0x00, 0x00, 0x00, 0x00, 0x00, 0x00, 0x00, 0x00, 0x00,
  0x00, 0x00, 0x00, 0x00, 0x00, 0x00, 0x00, 0x00, 0xa9, 0x7a, 0x10, 0x00,
  0xa6, 0x77, 0x18, 0x00, 0xff, 0xff, 0x00, 0x00, 0xaa, 0x7b, 0x16, 0x44,
  0xad, 0x80, 0x15, 0x95, 0xb0, 0x85, 0x13, 0xa9, 0xab, 0x7d, 0x16, 0x6b,
  0xab, 0x7e, 0x15, 0x89, 0xa8, 0x79, 0x17, 0x5e, 0xae, 0x81, 0x14, 0x4f,
  0xbf, 0x93, 0x11, 0xaa, 0xba, 0x90, 0x12, 0xdd, 0xad, 0x87, 0x12, 0xed,
  0xc1, 0x96, 0x11, 0xe6, 0xcb, 0x9d, 0x11, 0xcf, 0xd6, 0xa6, 0x12, 0xf5,
  0xd8, 0xa8, 0x12, 0xfb, 0xd8, 0xa7, 0x12, 0xfa, 0xdb, 0xaa, 0x12, 0xfd,
  0xd6, 0xa6, 0x12, 0xc8, 0xda, 0xa9, 0x12, 0x1f, 0xda, 0xa9, 0x12, 0x00,
  0xdf, 0xad, 0x12, 0x00, 0x00, 0x00, 0x00, 0x00, 0x00, 0x00, 0x00, 0x00,
  0x00, 0x00, 0x00, 0x00, 0x00, 0x00, 0x00, 0x00, 0x00, 0x00, 0x00, 0x00,
  0x00, 0x00, 0x00, 0x00, 0x00, 0x00, 0x00, 0x00, 0x00, 0x00, 0x00, 0x00,
  0xff, 0x00, 0x00, 0x00, 0xb7, 0x8b, 0x12, 0x00, 0xc5, 0x98, 0x11, 0x00,
  0xc0, 0x94, 0x10, 0x3d, 0xcc, 0x9e, 0x11, 0xce, 0xce, 0x9f, 0x11, 0xef,
  0xd3, 0xa3, 0x12, 0xf2, 0xcf, 0xa1, 0x11, 0xd9, 0xd1, 0xa2, 0x11, 0xe0,
  0xd5, 0xa5, 0x12, 0xf6, 0xbf, 0x93, 0x11, 0xd5, 0xc5, 0x99, 0x11, 0xd1,
  0xd8, 0xa7, 0x12, 0xf9, 0xd3, 0xa4, 0x12, 0xea, 0xc7, 0x9a, 0x11, 0xb9,
  0xb6, 0x8b, 0x11, 0xab, 0xb3, 0x89, 0x11, 0xb1, 0xb9, 0x8e, 0x10, 0xb3,
  0xbd, 0x91, 0x11, 0xae, 0xbf, 0x93, 0x11, 0x20, 0xc0, 0x94, 0x11, 0x00,
  0xc6, 0x99, 0x10, 0x00, 0x00, 0x00, 0x00, 0x00, 0x00, 0x00, 0x00, 0x00,
  0x00, 0x00, 0x00, 0x00, 0x00, 0x00, 0x00, 0x00, 0x00, 0x00, 0x00, 0x00,
  0x00, 0x00, 0x00, 0x00, 0x00, 0x00, 0x00, 0x00, 0x00, 0x00, 0x00, 0x00,
  0x00, 0x00, 0x00, 0x00, 0x00, 0x00, 0x00, 0x00, 0x00, 0x00, 0x00, 0x00,
  0x00, 0x00, 0x00, 0x00, 0xa9, 0x7b, 0x16, 0x00, 0xa9, 0x7b, 0x16, 0x00,
  0xa8, 0x79, 0x17, 0x12, 0xab, 0x7d, 0x15, 0x6c, 0xb2, 0x86, 0x12, 0xb7,
  0xb5, 0x8a, 0x11, 0xbb, 0xb4, 0x89, 0x12, 0xa8, 0xb4, 0x88, 0x13, 0x9b,
  0xbd, 0x91, 0x11, 0xb1, 0xbf, 0x94, 0x10, 0xbf, 0xcb, 0x9e, 0x11, 0xd4,
  0xd0, 0xa1, 0x11, 0xef, 0xcc, 0x9e, 0x11, 0xf0, 0xc8, 0x9b, 0x11, 0xdd,
  0xca, 0x9d, 0x11, 0xe8, 0xd2, 0xa3, 0x11, 0xfb, 0xd1, 0xa2, 0x11, 0xf0,
  0xd9, 0xa8, 0x12, 0xf4, 0xd3, 0xa3, 0x11, 0x5a, 0xde, 0xac, 0x13, 0x00,
  0xff, 0xc9, 0x17, 0x00, 0xe5, 0xad, 0x01, 0x00, 0x00, 0x00, 0x00, 0x00,
  0x00, 0x00, 0x00, 0x00, 0x00, 0x00, 0x00, 0x00, 0x00, 0x00, 0x00, 0x00,
  0x00, 0x00, 0x00, 0x00, 0x00, 0x00, 0x00, 0x00, 0x00, 0x00, 0x00, 0x00,
  0x00, 0x00, 0x00, 0x00, 0x00, 0x00, 0x00, 0x00, 0xb6, 0x8d, 0x10, 0x00,
  0xd4, 0xa4, 0x11, 0x00, 0xda, 0xa9, 0x11, 0x06, 0xdc, 0xab, 0x12, 0x9c,
  0xdd, 0xab, 0x12, 0xfe, 0xdd, 0xab, 0x12, 0xfa, 0xdb, 0xaa, 0x12, 0xfa,
  0xdb, 0xaa, 0x12, 0xf9, 0xdc, 0xaa, 0x12, 0xfb, 0xd4, 0xa4, 0x12, 0xed,
  0xd1, 0xa2, 0x11, 0xf1, 0xda, 0xa9, 0x12, 0xf7, 0xdb, 0xaa, 0x12, 0xe5,
  0xd2, 0xa3, 0x12, 0xf5, 0xbe, 0x93, 0x11, 0xce, 0xb1, 0x87, 0x12, 0xa6,
  0xbf, 0x93, 0x10, 0xa4, 0xca, 0x9d, 0x11, 0x72, 0xff, 0xe0, 0x13, 0x01,
  0xd2, 0xa3, 0x11, 0x00, 0xaa, 0x7f, 0x04, 0x00, 0x00, 0x00, 0x00, 0x00,
  0x00, 0x00, 0x00, 0x00, 0x00, 0x00, 0x00, 0x00, 0x00, 0x00, 0x00, 0x00,
  0x00, 0x00, 0x00, 0x00, 0x00, 0x00, 0x00, 0x00, 0x00, 0x00, 0x00, 0x00,
  0x00, 0x00, 0x00, 0x00, 0x00, 0x00, 0x00, 0x00, 0x00, 0x00, 0x00, 0x00,
  0x00, 0x00, 0x00, 0x00, 0x00, 0x00, 0x00, 0x00, 0xe2, 0xd8, 0x07, 0x00,
  0xab, 0x7a, 0x00, 0x00, 0xb5, 0x8a, 0x11, 0x00, 0xaf, 0x82, 0x14, 0x3a,
  0xc3, 0x97, 0x11, 0xcb, 0xc3, 0x97, 0x10, 0xd0, 0xc7, 0x9a, 0x11, 0xc9,
  0xcc, 0x9e, 0x11, 0xef, 0xca, 0x9d, 0x11, 0xdd, 0xbf, 0x93, 0x10, 0xbd,
  0xd0, 0xa1, 0x11, 0xee, 0xd2, 0xa3, 0x12, 0xf3, 0xcb, 0x9d, 0x11, 0xe2,
  0xc1, 0x96, 0x10, 0xd5, 0xbf, 0x94, 0x10, 0xc1, 0xd2, 0xa3, 0x12, 0xf0,
  0xdb, 0xaa, 0x12, 0xfc, 0xdd, 0xac, 0x12, 0xa4, 0xe0, 0xad, 0x12, 0x0a,
  0xdc, 0xaa, 0x12, 0x00, 0xc7, 0x9b, 0x10, 0x00, 0x00, 0x00, 0x00, 0x00,
  0x00, 0x00, 0x00, 0x00, 0x00, 0x00, 0x00, 0x00, 0x00, 0x00, 0x00, 0x00,
  0x00, 0x00, 0x00, 0x00, 0x00, 0x00, 0x00, 0x00, 0x00, 0x00, 0x00, 0x00,
  0x00, 0x00, 0x00, 0x00, 0x00, 0x00, 0x00, 0x00, 0x00, 0x00, 0x00, 0x00,
  0x00, 0x00, 0x00, 0x00, 0xd1, 0xa2, 0x11, 0x00, 0xdb, 0xaa, 0x12, 0x00,
  0xdf, 0xad, 0x12, 0x21, 0xdd, 0xac, 0x12, 0xca, 0xdd, 0xab, 0x12, 0xff,
  0xdd, 0xab, 0x12, 0xfa, 0xd9, 0xa8, 0x12, 0xf9, 0xdc, 0xaa, 0x12, 0xfa,
  0xdd, 0xab, 0x12, 0xfb, 0xdc, 0xaa, 0x12, 0xfb, 0xdc, 0xab, 0x12, 0xe7,
  0xdd, 0xab, 0x12, 0xf1, 0xd2, 0xa3, 0x12, 0xf5, 0xc7, 0x9a, 0x11, 0xe8,
  0xc6, 0x99, 0x11, 0xd2, 0xc0, 0x95, 0x10, 0x84, 0xcc, 0x9e, 0x11, 0x15,
  0xcb, 0x9d, 0x11, 0x00, 0xcd, 0x9f, 0x11, 0x00, 0x00, 0x00, 0x00, 0x00,
  0x00, 0x00, 0x00, 0x00, 0x00, 0x00, 0x00, 0x00, 0x00, 0x00, 0x00, 0x00,
  0x00, 0x00, 0x00, 0x00, 0x00, 0x00, 0x00, 0x00, 0x00, 0x00, 0x00, 0x00,
  0x00, 0x00, 0x00, 0x00, 0x00, 0x00, 0x00, 0x00, 0x00, 0x00, 0x00, 0x00,
  0x00, 0x00, 0x00, 0x00, 0x00, 0x00, 0x00, 0x00, 0x00, 0x00, 0x00, 0x00,
  0x00, 0x00, 0x00, 0x00, 0xa7, 0x77, 0x17, 0x00, 0xb4, 0x88, 0x12, 0x00,
  0xb3, 0x88, 0x12, 0x0c, 0xc2, 0x96, 0x10, 0x8c, 0xc2, 0x97, 0x10, 0xd2,
  0xcb, 0x9d, 0x11, 0xec, 0xd1, 0xa2, 0x11, 0xf9, 0xcd, 0x9f, 0x11, 0xef,
  0xc7, 0x9a, 0x11, 0xda, 0xd5, 0xa5, 0x12, 0xf5, 0xd0, 0xa1, 0x11, 0xe2,
  0xcb, 0x9e, 0x11, 0xe0, 0xc6, 0x99, 0x11, 0xe4, 0xc5, 0x99, 0x10, 0xda,
  0xd4, 0xa4, 0x12, 0xf6, 0xdd, 0xac, 0x12, 0xce, 0xdf, 0xad, 0x13, 0x25,
  0xde, 0xac, 0x12, 0x00, 0xdc, 0xab, 0x12, 0x00, 0x00, 0x00, 0x00, 0x00,
  0x00, 0x00, 0x00, 0x00, 0x00, 0x00, 0x00, 0x00, 0x00, 0x00, 0x00, 0x00,
  0x00, 0x00, 0x00, 0x00, 0x00, 0x00, 0x00, 0x00, 0x00, 0x00, 0x00, 0x00,
  0x00, 0x00, 0x00, 0x00, 0x00, 0x00, 0x00, 0x00, 0x00, 0x00, 0x00, 0x00,
  0x00, 0x00, 0x00, 0x00, 0x00, 0x00, 0x00, 0x00, 0xd7, 0xaa, 0x0d, 0x00,
  0xd9, 0xa9, 0x13, 0x00, 0xde, 0xac, 0x13, 0x00, 0xdf, 0xad, 0x13, 0x3e,
  0xdd, 0xab, 0x12, 0xe0, 0xdd, 0xab, 0x12, 0xfe, 0xda, 0xa9, 0x12, 0xfb,
  0xdb, 0xaa, 0x12, 0xfc, 0xdd, 0xab, 0x12, 0xfb, 0xdc, 0xaa, 0x12, 0xef,
  0xdc, 0xab, 0x12, 0xe9, 0xdd, 0xab, 0x13, 0xfa, 0xda, 0xa9, 0x12, 0xfa,
  0xd4, 0xa4, 0x12, 0xfc, 0xd2, 0xa3, 0x12, 0xea, 0xc0, 0x94, 0x10, 0x3d,
  0xc6, 0x9a, 0x11, 0x00, 0xcc, 0x9e, 0x11, 0x00, 0xb1, 0x8a, 0x00, 0x00,
  0x00, 0x00, 0x00, 0x00, 0x00, 0x00, 0x00, 0x00, 0x00, 0x00, 0x00, 0x00,
  0x00, 0x00, 0x00, 0x00, 0x00, 0x00, 0x00, 0x00, 0x00, 0x00, 0x00, 0x00,
  0x00, 0x00, 0x00, 0x00, 0x00, 0x00, 0x00, 0x00, 0x00, 0x00, 0x00, 0x00,
  0x00, 0x00, 0x00, 0x00, 0x00, 0x00, 0x00, 0x00, 0x00, 0x00, 0x00, 0x00,
  0x00, 0x00, 0x00, 0x00, 0x00, 0x00, 0x00, 0x00, 0x00, 0x00, 0x00, 0x00,
  0xa9, 0x7d, 0x14, 0x00, 0xb3, 0x88, 0x11, 0x00, 0xbc, 0x90, 0x11, 0x2d,
  0xb6, 0x8b, 0x11, 0xb1, 0xc1, 0x95, 0x10, 0xd4, 0xc6, 0x99, 0x10, 0xdf,
  0xce, 0x9f, 0x11, 0xf0, 0xcb, 0x9e, 0x11, 0xde, 0xd0, 0xa1, 0x11, 0xdf,
  0xda, 0xa9, 0x12, 0xf9, 0xda, 0xa9, 0x12, 0xfb, 0xcd, 0x9f, 0x11, 0xe5,
  0xca, 0x9c, 0x11, 0xe6, 0xd1, 0xa2, 0x11, 0xdc, 0xdc, 0xaa, 0x12, 0x42,
  0xd8, 0xa7, 0x12, 0x00, 0xcb, 0x9d, 0x14, 0x00, 0xe2, 0xb0, 0x10, 0x00,
  0x00, 0x00, 0x00, 0x00, 0x00, 0x00, 0x00, 0x00, 0x00, 0x00, 0x00, 0x00,
  0x00, 0x00, 0x00, 0x00, 0x00, 0x00, 0x00, 0x00, 0x00, 0x00, 0x00, 0x00,
  0x00, 0x00, 0x00, 0x00, 0x00, 0x00, 0x00, 0x00, 0x00, 0x00, 0x00, 0x00,
  0x00, 0x00, 0x00, 0x00, 0x00, 0x00, 0x00, 0x00, 0x00, 0x00, 0x00, 0x00,
  0x00, 0x00, 0x00, 0x00, 0xe0, 0xad, 0x12, 0x00, 0xe1, 0xaf, 0x12, 0x00,
  0xda, 0xa9, 0x13, 0x00, 0xde, 0xac, 0x12, 0x54, 0xdd, 0xab, 0x12, 0xe9,
  0xdd, 0xab, 0x12, 0xfe, 0xdb, 0xaa, 0x12, 0xfc, 0xdc, 0xab, 0x12, 0xf7,
  0xdc, 0xab, 0x12, 0xe4, 0xdd, 0xab, 0x12, 0xf8, 0xdd, 0xab, 0x12, 0xfb,
  0xdd, 0xab, 0x12, 0xfb, 0xdc, 0xab, 0x12, 0xff, 0xd9, 0xa8, 0x12, 0xb1,
  0xcb, 0x9d, 0x10, 0x09, 0xcc, 0x9e, 0x11, 0x00, 0xbc, 0x94, 0x0f, 0x00,
  0x00, 0x00, 0x00, 0x00, 0x00, 0x00, 0x00, 0x00, 0x00, 0x00, 0x00, 0x00,
  0x00, 0x00, 0x00, 0x00, 0x00, 0x00, 0x00, 0x00, 0x00, 0x00, 0x00, 0x00,
  0x00, 0x00, 0x00, 0x00, 0x00, 0x00, 0x00, 0x00, 0x00, 0x00, 0x00, 0x00,
  0x00, 0x00, 0x00, 0x00, 0x00, 0x00, 0x00, 0x00, 0x00, 0x00, 0x00, 0x00,
  0x00, 0x00, 0x00, 0x00, 0x00, 0x00, 0x00, 0x00, 0x00, 0x00, 0x00, 0x00,
  0x00, 0x00, 0x00, 0x00, 0xc4, 0x99, 0x10, 0x00, 0xb4, 0x88, 0x12, 0x00,
  0x9b, 0x70, 0x14, 0x03, 0xba, 0x8e, 0x12, 0x7b, 0xce, 0xa0, 0x11, 0xea,
  0xd1, 0xa2, 0x11, 0xf4, 0xcc, 0x9e, 0x11, 0xfa, 0xc3, 0x97, 0x10, 0xbe,
  0xc6, 0x9a, 0x11, 0xcd, 0xd8, 0xa7, 0x12, 0xfc, 0xd9, 0xa8, 0x12, 0xfb,
  0xd6, 0xa6, 0x12, 0xf8, 0xca, 0x9c, 0x11, 0xc6, 0xc6, 0x9a, 0x10, 0x39,
  0xd4, 0xa4, 0x12, 0x00, 0xd5, 0xa5, 0x11, 0x00, 0xe2, 0xb0, 0x12, 0x00,
  0x00, 0x00, 0x00, 0x00, 0x00, 0x00, 0x00, 0x00, 0x00, 0x00, 0x00, 0x00,
  0x00, 0x00, 0x00, 0x00, 0x00, 0x00, 0x00, 0x00, 0x00, 0x00, 0x00, 0x00,
  0x00, 0x00, 0x00, 0x00, 0x00, 0x00, 0x00, 0x00, 0x00, 0x00, 0x00, 0x00,
  0x00, 0x00, 0x00, 0x00, 0x00, 0x00, 0x00, 0x00, 0x00, 0x00, 0x00, 0x00,
  0x00, 0x00, 0x00, 0x00, 0x00, 0x00, 0x00, 0x00, 0x00, 0x00, 0x00, 0x00,
  0xe0, 0xad, 0x12, 0x00, 0xdf, 0xad, 0x12, 0x00, 0xd2, 0xa0, 0x15, 0x00,
  0xdd, 0xac, 0x12, 0x5c, 0xdd, 0xab, 0x12, 0xe9, 0xdd, 0xab, 0x12, 0xfe,
  0xdd, 0xab, 0x12, 0xe7, 0xdd, 0xab, 0x12, 0xf1, 0xdd, 0xab, 0x12, 0xfb,
  0xdd, 0xab, 0x12, 0xfb, 0xdd, 0xac, 0x12, 0xfa, 0xdd, 0xac, 0x13, 0xeb,
  0xdd, 0xab, 0x12, 0x43, 0xdb, 0xa9, 0x12, 0x00, 0xc2, 0x96, 0x10, 0x00,
  0x00, 0x00, 0x00, 0x00, 0x00, 0x00, 0x00, 0x00, 0x00, 0x00, 0x00, 0x00,
  0x00, 0x00, 0x00, 0x00, 0x00, 0x00, 0x00, 0x00, 0x00, 0x00, 0x00, 0x00,
  0x00, 0x00, 0x00, 0x00, 0x00, 0x00, 0x00, 0x00, 0x00, 0x00, 0x00, 0x00,
  0x00, 0x00, 0x00, 0x00, 0x00, 0x00, 0x00, 0x00, 0x00, 0x00, 0x00, 0x00,
  0x00, 0x00, 0x00, 0x00, 0x00, 0x00, 0x00, 0x00, 0x00, 0x00, 0x00, 0x00,
  0x00, 0x00, 0x00, 0x00, 0x00, 0x00, 0x00, 0x00, 0x00, 0x00, 0x00, 0x00,
  0xb3, 0x87, 0x13, 0x00, 0xce, 0x9f, 0x11, 0x00, 0xcf, 0xa1, 0x11, 0x3a,
  0xd5, 0xa5, 0x12, 0xe9, 0xd1, 0xa2, 0x11, 0xfc, 0xca, 0x9c, 0x11, 0xf0,
  0xc6, 0x99, 0x10, 0xe0, 0xc5, 0x99, 0x10, 0xe5, 0xc9, 0x9b, 0x11, 0xe3,
  0xca, 0x9d, 0x11, 0xf3, 0xcd, 0x9f, 0x11, 0xe1, 0xd2, 0xa2, 0x11, 0x59,
  0xda, 0xa9, 0x12, 0x00, 0xcb, 0x9d, 0x11, 0x00, 0xd2, 0xa3, 0x11, 0x00,
  0x00, 0x00, 0x00, 0x00, 0x00, 0x00, 0x00, 0x00, 0x00, 0x00, 0x00, 0x00,
  0x00, 0x00, 0x00, 0x00, 0x00, 0x00, 0x00, 0x00, 0x00, 0x00, 0x00, 0x00,
  0x00, 0x00, 0x00, 0x00, 0x00, 0x00, 0x00, 0x00, 0x00, 0x00, 0x00, 0x00,
  0x00, 0x00, 0x00, 0x00, 0x00, 0x00, 0x00, 0x00, 0x00, 0x00, 0x00, 0x00,
  0x00, 0x00, 0x00, 0x00, 0x00, 0x00, 0x00, 0x00, 0x00, 0x00, 0x00, 0x00,
  0x00, 0x00, 0x00, 0x00, 0x00, 0x00, 0x00, 0x00, 0xde, 0xac, 0x12, 0x00,
  0xdf, 0xad, 0x12, 0x00, 0xba, 0x93, 0x14, 0x00, 0xde, 0xac, 0x13, 0x55,
  0xdd, 0xab, 0x12, 0xd6, 0xdd, 0xab, 0x12, 0xee, 0xdd, 0xab, 0x12, 0xfb,
  0xdd, 0xab, 0x12, 0xfb, 0xdd, 0xab, 0x12, 0xfb, 0xdd, 0xab, 0x12, 0xfd,
  0xdd, 0xac, 0x12, 0x96, 0xe4, 0xb1, 0x13, 0x03, 0xe0, 0xae, 0x12, 0x00,
  0xd8, 0xa9, 0x10, 0x00, 0x00, 0x00, 0x00, 0x00, 0x00, 0x00, 0x00, 0x00,
  0x00, 0x00, 0x00, 0x00, 0x00, 0x00, 0x00, 0x00, 0x00, 0x00, 0x00, 0x00,
  0x00, 0x00, 0x00, 0x00, 0x00, 0x00, 0x00, 0x00, 0x00, 0x00, 0x00, 0x00,
  0x00, 0x00, 0x00, 0x00, 0x00, 0x00, 0x00, 0x00, 0x00, 0x00, 0x00, 0x00,
  0x00, 0x00, 0x00, 0x00, 0x00, 0x00, 0x00, 0x00, 0x00, 0x00, 0x00, 0x00,
  0x00, 0x00, 0x00, 0x00, 0x00, 0x00, 0x00, 0x00, 0x00, 0x00, 0x00, 0x00,
  0x00, 0x00, 0x00, 0x00, 0xb2, 0x91, 0x0c, 0x00, 0xda, 0xa9, 0x12, 0x00,
  0xe4, 0xb1, 0x13, 0x03, 0xd8, 0xa8, 0x12, 0x92, 0xce, 0xa0, 0x11, 0xec,
  0xc5, 0x99, 0x10, 0xc4, 0xbf, 0x94, 0x10, 0xc3, 0xba, 0x8f, 0x10, 0xd3,
  0xb8, 0x8d, 0x11, 0xc9, 0xc4, 0x98, 0x10, 0xb4, 0xc9, 0x9c, 0x11, 0x46,
  0xff, 0xc6, 0x14, 0x01, 0xcd, 0x9f, 0x11, 0x00, 0xc2, 0x97, 0x10, 0x00,
  0x00, 0x00, 0x00, 0x00, 0x00, 0x00, 0x00, 0x00, 0x00, 0x00, 0x00, 0x00,
  0x00, 0x00, 0x00, 0x00, 0x00, 0x00, 0x00, 0x00, 0x00, 0x00, 0x00, 0x00,
  0x00, 0x00, 0x00, 0x00, 0x00, 0x00, 0x00, 0x00, 0x00, 0x00, 0x00, 0x00,
  0x00, 0x00, 0x00, 0x00, 0x00, 0x00, 0x00, 0x00, 0x00, 0x00, 0x00, 0x00,
  0x00, 0x00, 0x00, 0x00, 0x00, 0x00, 0x00, 0x00, 0x00, 0x00, 0x00, 0x00,
  0x00, 0x00, 0x00, 0x00, 0x00, 0x00, 0x00, 0x00, 0x00, 0x00, 0x00, 0x00,
  0x00, 0x00, 0x00, 0x00, 0xe0, 0xad, 0x12, 0x00, 0xe0, 0xae, 0x12, 0x00,
  0xd9, 0xa8, 0x12, 0x00, 0xdd, 0xac, 0x12, 0x39, 0xdd, 0xab, 0x12, 0xc8,
  0xdd, 0xab, 0x12, 0xfd, 0xdd, 0xab, 0x12, 0xfc, 0xdc, 0xab, 0x12, 0xfe,
  0xdb, 0xaa, 0x12, 0xdd, 0xdb, 0xaa, 0x12, 0x2a, 0xdb, 0xaa, 0x12, 0x00,
  0xe0, 0xae, 0x13, 0x00, 0x00, 0x00, 0x00, 0x00, 0x00, 0x00, 0x00, 0x00,
  0x00, 0x00, 0x00, 0x00, 0x00, 0x00, 0x00, 0x00, 0x00, 0x00, 0x00, 0x00,
  0x00, 0x00, 0x00, 0x00, 0x00, 0x00, 0x00, 0x00, 0x00, 0x00, 0x00, 0x00,
  0x00, 0x00, 0x00, 0x00, 0x00, 0x00, 0x00, 0x00, 0x00, 0x00, 0x00, 0x00,
  0x00, 0x00, 0x00, 0x00, 0x00, 0x00, 0x00, 0x00, 0x00, 0x00, 0x00, 0x00,
  0x00, 0x00, 0x00, 0x00, 0x00, 0x00, 0x00, 0x00, 0x00, 0x00, 0x00, 0x00,
  0x00, 0x00, 0x00, 0x00, 0x00, 0x00, 0x00, 0x00, 0x00, 0x00, 0x00, 0x00,
  0xd8, 0xa7, 0x12, 0x00, 0xd1, 0xa2, 0x11, 0x00, 0xd0, 0xa1, 0x11, 0x27,
  0xd0, 0xa1, 0x11, 0xd4, 0xd2, 0xa3, 0x12, 0xef, 0xc4, 0x98, 0x10, 0xd0,
  0xc4, 0x98, 0x11, 0xdc, 0xbc, 0x91, 0x10, 0x91, 0xc7, 0x9a, 0x10, 0x2e,
  0xcc, 0x9e, 0x11, 0x00, 0xd0, 0xa1, 0x11, 0x00, 0xd2, 0xa3, 0x11, 0x00,
  0x00, 0x00, 0x00, 0x00, 0x00, 0x00, 0x00, 0x00, 0x00, 0x00, 0x00, 0x00,
  0x00, 0x00, 0x00, 0x00, 0x00, 0x00, 0x00, 0x00, 0x00, 0x00, 0x00, 0x00,
  0x00, 0x00, 0x00, 0x00, 0x00, 0x00, 0x00, 0x00, 0x00, 0x00, 0x00, 0x00,
  0x00, 0x00, 0x00, 0x00, 0x00, 0x00, 0x00, 0x00, 0x00, 0x00, 0x00, 0x00,
  0x00, 0x00, 0x00, 0x00, 0x00, 0x00, 0x00, 0x00, 0x00, 0x00, 0x00, 0x00,
  0x00, 0x00, 0x00, 0x00, 0x00, 0x00, 0x00, 0x00, 0x00, 0x00, 0x00, 0x00,
  0x00, 0x00, 0x00, 0x00, 0x00, 0x00, 0x00, 0x00, 0x00, 0x00, 0x00, 0x00,
  0xe1, 0xae, 0x13, 0x00, 0xe2, 0xaf, 0x13, 0x00, 0xdc, 0xab, 0x13, 0x00,
  0xdf, 0xad, 0x13, 0x22, 0xde, 0xac, 0x13, 0x9f, 0xdd, 0xac, 0x12, 0xf4,
  0xd9, 0xa8, 0x12, 0xfb, 0xd7, 0xa6, 0x12, 0x75, 0xe4, 0xb1, 0x13, 0x00,
  0xce, 0xa0, 0x11, 0x00, 0xcf, 0xa4, 0x09, 0x00, 0x00, 0x00, 0x00, 0x00,
  0x00, 0x00, 0x00, 0x00, 0x00, 0x00, 0x00, 0x00, 0x00, 0x00, 0x00, 0x00,
  0x00, 0x00, 0x00, 0x00, 0x00, 0x00, 0x00, 0x00, 0x00, 0x00, 0x00, 0x00,
  0x00, 0x00, 0x00, 0x00, 0x00, 0x00, 0x00, 0x00, 0x00, 0x00, 0x00, 0x00,
  0x00, 0x00, 0x00, 0x00, 0x00, 0x00, 0x00, 0x00, 0x00, 0x00, 0x00, 0x00,
  0x00, 0x00, 0x00, 0x00, 0x00, 0x00, 0x00, 0x00, 0x00, 0x00, 0x00, 0x00,
  0x00, 0x00, 0x00, 0x00, 0x00, 0x00, 0x00, 0x00, 0x00, 0x00, 0x00, 0x00,
  0x00, 0x00, 0x00, 0x00, 0xc2, 0x9e, 0x07, 0x00, 0xc9, 0x9c, 0x10, 0x00,
  0xe5, 0xb1, 0x13, 0x00, 0xd6, 0xa6, 0x12, 0x73, 0xd7, 0xa6, 0x12, 0xfc,
  0xcf, 0xa0, 0x11, 0xeb, 0xca, 0x9c, 0x11, 0x79, 0xc0, 0x95, 0x10, 0x0e,
  0xc9, 0x9c, 0x10, 0x00, 0xc1, 0x95, 0x10, 0x00, 0xc7, 0x9a, 0x10, 0x00,
  0x00, 0x00, 0x00, 0x00, 0x00, 0x00, 0x00, 0x00, 0x00, 0x00, 0x00, 0x00,
  0x00, 0x00, 0x00, 0x00, 0x00, 0x00, 0x00, 0x00, 0x00, 0x00, 0x00, 0x00,
  0x00, 0x00, 0x00, 0x00, 0x00, 0x00, 0x00, 0x00, 0x00, 0x00, 0x00, 0x00,
  0x00, 0x00, 0x00, 0x00, 0x00, 0x00, 0x00, 0x00, 0x00, 0x00, 0x00, 0x00,
  0x00, 0x00, 0x00, 0x00, 0x00, 0x00, 0x00, 0x00, 0x00, 0x00, 0x00, 0x00,
  0x00, 0x00, 0x00, 0x00, 0x00, 0x00, 0x00, 0x00, 0x00, 0x00, 0x00, 0x00,
  0x00, 0x00, 0x00, 0x00, 0x00, 0x00, 0x00, 0x00, 0x00, 0x00, 0x00, 0x00,
  0x00, 0x00, 0x00, 0x00, 0x00, 0x00, 0x00, 0x00, 0xe3, 0xb0, 0x12, 0x00,
  0xd5, 0xa6, 0x13, 0x00, 0xde, 0xac, 0x13, 0x00, 0xe2, 0xaf, 0x13, 0x08,
  0xde, 0xac, 0x13, 0x61, 0xd6, 0xa6, 0x12, 0x98, 0xca, 0x9c, 0x11, 0x13,
  0xcd, 0x9f, 0x11, 0x00, 0xd3, 0xa4, 0x11, 0x00, 0x00, 0x00, 0x00, 0x00,
  0x00, 0x00, 0x00, 0x00, 0x00, 0x00, 0x00, 0x00, 0x00, 0x00, 0x00, 0x00,
  0x00, 0x00, 0x00, 0x00, 0x00, 0x00, 0x00, 0x00, 0x00, 0x00, 0x00, 0x00,
  0x00, 0x00, 0x00, 0x00, 0x00, 0x00, 0x00, 0x00, 0x00, 0x00, 0x00, 0x00,
  0x00, 0x00, 0x00, 0x00, 0x00, 0x00, 0x00, 0x00, 0x00, 0x00, 0x00, 0x00,
  0x00, 0x00, 0x00, 0x00, 0x00, 0x00, 0x00, 0x00, 0x00, 0x00, 0x00, 0x00,
  0x00, 0x00, 0x00, 0x00, 0x00, 0x00, 0x00, 0x00, 0x00, 0x00, 0x00, 0x00,
  0x00, 0x00, 0x00, 0x00, 0x00, 0x00, 0x00, 0x00, 0x00, 0x00, 0x00, 0x00,
  0xcf, 0xa0, 0x11, 0x00, 0xd3, 0xa4, 0x12, 0x00, 0xd5, 0xa5, 0x12, 0x17,
  0xd0, 0xa1, 0x11, 0x9c, 0xd0, 0xa1, 0x11, 0x5e, 0xc5, 0x99, 0x10, 0x04,
  0xc3, 0x97, 0x10, 0x00, 0xcc, 0x9f, 0x10, 0x00, 0xb6, 0x8c, 0x10, 0x00,
  0x00, 0x00, 0x00, 0x00, 0x00, 0x00, 0x00, 0x00, 0x00, 0x00, 0x00, 0x00,
  0x00, 0x00, 0x00, 0x00, 0x00, 0x00, 0x00, 0x00, 0x00, 0x00, 0x00, 0x00,
  0x00, 0x00, 0x00, 0x00, 0x00, 0x00, 0x00, 0x00, 0x00, 0x00, 0x00, 0x00,
  0x00, 0x00, 0x00, 0x00, 0x00, 0x00, 0x00, 0x00, 0x00, 0x00, 0x00, 0x00,
  0x00, 0x00, 0x00, 0x00, 0x00, 0x00, 0x00, 0x00, 0x00, 0x00, 0x00, 0x00,
  0x00, 0x00, 0x00, 0x00, 0x00, 0x00, 0x00, 0x00, 0x00, 0x00, 0x00, 0x00,
  0x00, 0x00, 0x00, 0x00, 0x00, 0x00, 0x00, 0x00, 0x00, 0x00, 0x00, 0x00,
  0x00, 0x00, 0x00, 0x00, 0x00, 0x00, 0x00, 0x00, 0x00, 0x00, 0x00, 0x00,
  0x00, 0x00, 0x00, 0x00, 0xe4, 0xb3, 0x10, 0x00, 0xdf, 0xad, 0x13, 0x00,
  0xe1, 0xae, 0x13, 0x00, 0xd9, 0xa8, 0x12, 0x00, 0xe1, 0xaf, 0x13, 0x08,
  0xff, 0xff, 0x1b, 0x00, 0xaa, 0x84, 0x0f, 0x00, 0xe7, 0xb7, 0x00, 0x00,
  0x00, 0x00, 0x00, 0x00, 0x00, 0x00, 0x00, 0x00, 0x00, 0x00, 0x00, 0x00,
  0x00, 0x00, 0x00, 0x00, 0x00, 0x00, 0x00, 0x00, 0x00, 0x00, 0x00, 0x00,
  0x00, 0x00, 0x00, 0x00, 0x00, 0x00, 0x00, 0x00, 0x00, 0x00, 0x00, 0x00,
  0x00, 0x00, 0x00, 0x00, 0x00, 0x00, 0x00, 0x00, 0x00, 0x00, 0x00, 0x00,
  0x00, 0x00, 0x00, 0x00, 0x00, 0x00, 0x00, 0x00, 0x00, 0x00, 0x00, 0x00,
  0x00, 0x00, 0x00, 0x00, 0x00, 0x00, 0x00, 0x00, 0x00, 0x00, 0x00, 0x00,
  0x00, 0x00, 0x00, 0x00, 0x00, 0x00, 0x00, 0x00, 0x00, 0x00, 0x00, 0x00,
  0x00, 0x00, 0x00, 0x00, 0xc1, 0xc1, 0x00, 0x00, 0xe4, 0xb1, 0x14, 0x00,
  0xff, 0xd2, 0x18, 0x00, 0xc7, 0x9a, 0x10, 0x06, 0xd5, 0xa5, 0x12, 0x00,
  0xc9, 0x9c, 0x11, 0x00, 0xca, 0x9c, 0x11, 0x00, 0xc1, 0x96, 0x0a, 0x00,
  0x00, 0x00, 0x00, 0x00, 0x00, 0x00, 0x00, 0x00, 0x00, 0x00, 0x00, 0x00,
  0x00, 0x00, 0x00, 0x00, 0x00, 0x00, 0x00, 0x00, 0x00, 0x00, 0x00, 0x00,
  0x00, 0x00, 0x00, 0x00, 0x00, 0x00, 0x00, 0x00, 0x00, 0x00, 0x00, 0x00,
  0x00, 0x00, 0x00, 0x00, 0x00, 0x00, 0x00, 0x00, 0x00, 0x00, 0x00, 0x00,
  0x00, 0x00, 0x00, 0x00, 0x00, 0x00, 0x00, 0x00, 0x00, 0x00, 0x00, 0x00,
  0x00, 0x00, 0x00, 0x00, 0x00, 0x00, 0x00, 0x00, 0x00, 0x00, 0x00, 0x00,
  0x00, 0x00, 0x00, 0x00, 0x00, 0x00, 0x00, 0x00, 0x00, 0x00, 0x00, 0x00,
  0x00, 0x00, 0x00, 0x00, 0x00, 0x00, 0x00, 0x00, 0x00, 0x00, 0x00, 0x00,
  0x00, 0x00, 0x00, 0x00, 0x00, 0x00, 0x00, 0x00, 0x00, 0x00, 0x00, 0x00,
  0x00, 0x00, 0x00, 0x00, 0xe2, 0xaf, 0x13, 0x00, 0xe1, 0xae, 0x13, 0x00,
  0xde, 0xac, 0x12, 0x00, 0xdc, 0xaa, 0x12, 0x00, 0xdb, 0xaa, 0x12, 0x00,
  0x00, 0x00, 0x00, 0x00, 0x00, 0x00, 0x00, 0x00, 0x00, 0x00, 0x00, 0x00,
  0x00, 0x00, 0x00, 0x00, 0x00, 0x00, 0x00, 0x00, 0x00, 0x00, 0x00, 0x00,
  0x00, 0x00, 0x00, 0x00, 0x00, 0x00, 0x00, 0x00, 0x00, 0x00, 0x00, 0x00,
  0x00, 0x00, 0x00, 0x00, 0x00, 0x00, 0x00, 0x00, 0x00, 0x00, 0x00, 0x00,
  0x00, 0x00, 0x00, 0x00, 0x00, 0x00, 0x00, 0x00, 0x00, 0x00, 0x00, 0x00,
  0x00, 0x00, 0x00, 0x00, 0x00, 0x00, 0x00, 0x00, 0x00, 0x00, 0x00, 0x00,
  0x00, 0x00, 0x00, 0x00, 0x00, 0x00, 0x00, 0x00, 0x00, 0x00, 0x00, 0x00,
  0x00, 0x00, 0x00, 0x00, 0x00, 0x00, 0x00, 0x00, 0x00, 0x00, 0x00, 0x00,
  0xcd, 0x9f, 0x10, 0x00, 0xcd, 0x9f, 0x11, 0x00, 0xcd, 0x9f, 0x11, 0x00,
  0xcd, 0x9f, 0x11, 0x00, 0xce, 0x9f, 0x11, 0x00, 0x00, 0x00, 0x00, 0x00,
  0x00, 0x00, 0x00, 0x00, 0x00, 0x00, 0x00, 0x00, 0x00, 0x00, 0x00, 0x00,
  0x00, 0x00, 0x00, 0x00, 0x00, 0x00, 0x00, 0x00, 0x00, 0x00, 0x00, 0x00,
  0x00, 0x00, 0x00, 0x00, 0x00, 0x00, 0x00, 0x00, 0x00, 0x00, 0x00, 0x00,
  0x00, 0x00, 0x00, 0x00, 0x00, 0x00, 0x00, 0x00, 0x00, 0x00, 0x00, 0x00,
  0x00, 0x00, 0x00, 0x00, 0x00, 0x00, 0x00, 0x00, 0x00, 0x00, 0x00, 0x00,
  0x00, 0x00, 0x00, 0x00, 0x00, 0x00, 0x00, 0x00, 0x00, 0x00, 0x00, 0x00,
  0x00, 0x00, 0x00, 0x00, 0x00, 0x00, 0x00, 0x00, 0x00, 0x00, 0x00, 0x00,
  0x00, 0x00, 0x00, 0x00, 0x00, 0x00, 0x00, 0x00, 0x00, 0x00, 0x00, 0x00,
  0x00, 0x00, 0x00, 0x00, 0x00, 0x00, 0x00, 0x00, 0x00, 0x00, 0x00, 0x00,
  0x00, 0x00, 0x00, 0x00, 0x00, 0x00, 0x00, 0x00, 0x00, 0x00, 0x00, 0x00,
  0x00, 0x00, 0x00, 0x00, 0x00, 0x00, 0x00, 0x00, 0x00, 0x00, 0x00, 0x00,
  0x00, 0x00, 0x00, 0x00, 0x00, 0x00, 0x00, 0x00, 0x00, 0x00, 0x00, 0x00,
  0x00, 0x00, 0x00, 0x00, 0x00, 0x00, 0x00, 0x00, 0x00, 0x00, 0x00, 0x00,
  0x00, 0x00, 0x00, 0x00, 0x00, 0x00, 0x00, 0x00, 0x00, 0x00, 0x00, 0x00,
  0x00, 0x00, 0x00, 0x00, 0x00, 0x00, 0x00, 0x00, 0x00, 0x00, 0x00, 0x00,
  0x00, 0x00, 0x00, 0x00, 0x00, 0x00, 0x00, 0x00, 0x00, 0x00, 0x00, 0x00,
  0x00, 0x00, 0x00, 0x00, 0x00, 0x00, 0x00, 0x00, 0x00, 0x00, 0x00, 0x00,
  0x00, 0x00, 0x00, 0x00, 0x00, 0x00, 0x00, 0x00, 0x00, 0x00, 0x00, 0x00,
  0x00, 0x00, 0x00, 0x00, 0x00, 0x00, 0x00, 0x00, 0x00, 0x00, 0x00, 0x00,
  0x00, 0x00, 0x00, 0x00, 0x00, 0x00, 0x00, 0x00, 0x00, 0x00, 0x00, 0x00,
  0x00, 0x00, 0x00, 0x00, 0x00, 0x00, 0x00, 0x00, 0x00, 0x00, 0x00, 0x00,
  0x00, 0x00, 0x00, 0x00, 0x00, 0x00, 0x00, 0x00, 0x00, 0x00, 0x00, 0x00,
  0x00, 0x00, 0x00, 0x00, 0x00, 0x00, 0x00, 0x00, 0x00, 0x00, 0x00, 0x00,
  0x00, 0x00, 0x00, 0x00, 0x00, 0x00, 0x00, 0x00, 0x00, 0x00, 0x00, 0x00,
  0x00, 0x00, 0x00, 0x00, 0x00, 0x00, 0x00, 0x00, 0x00, 0x00, 0x00, 0x00,
  0x00, 0x00, 0x00, 0x00, 0x00, 0x00, 0x00, 0x00, 0x00, 0x00, 0x00, 0x00,
  0x00, 0x00, 0x00, 0x00, 0x00, 0x00, 0x00, 0x00, 0x00, 0x00, 0x00, 0x00,
  0x00, 0x00, 0x00, 0x00, 0x00, 0x00, 0x00, 0x00, 0x00, 0x00, 0x00, 0x00,
  0x00, 0x00, 0x00, 0x00, 0x00, 0x00, 0x00, 0x00, 0x00, 0x00, 0x00, 0x00,
  0x00, 0x00, 0x00, 0x00, 0x00, 0x00, 0x00, 0x00, 0x00, 0x00, 0x00, 0x00,
  0x00, 0x00, 0x00, 0x00, 0x00, 0x00, 0x00, 0x00, 0x00, 0x00, 0x00, 0x00,
  0x00, 0x00, 0x00, 0x00, 0x00, 0x00, 0x00, 0x00, 0x00, 0x00, 0x00, 0x00,
  0x00, 0x00, 0x00, 0x00, 0x00, 0x00, 0x00, 0x00, 0x00, 0x00, 0x00, 0x00,
  0x00, 0x00, 0x00, 0x00, 0x00, 0x00, 0x00, 0x00, 0x00, 0x00, 0x00, 0x00,
  0x00, 0x00, 0x00, 0x00, 0x00, 0x00, 0x00, 0x00, 0x00, 0x00, 0x00, 0x00,
  0x00, 0x00, 0x00, 0x00, 0x00, 0x00, 0x00, 0x00, 0x00, 0x00, 0x00, 0x00,
  0x00, 0x00, 0x00, 0x00, 0x00, 0x00, 0x00, 0x00, 0x00, 0x00, 0x00, 0x00,
  0x00, 0x00, 0x00, 0x00, 0x00, 0x00, 0x00, 0x00, 0x00, 0x00, 0x00, 0x00,
  0x00, 0x00, 0x00, 0x00, 0x00, 0x00, 0x00, 0x00, 0x00, 0x00, 0x00, 0x00,
  0x00, 0x00, 0x00, 0x00, 0x00, 0x00, 0x00, 0x00, 0x00, 0x00, 0x00, 0x00,
  0x00, 0x00, 0x00, 0x00, 0x00, 0x00, 0x00, 0x00, 0x00, 0x00, 0x00, 0x00,
  0x00, 0x00, 0x00, 0x00, 0x00, 0x00, 0x00, 0x00, 0x00, 0x00, 0x00, 0x00,
  0x00, 0x00, 0x00, 0x00, 0x00, 0x00, 0x00, 0x00, 0x00, 0x00, 0x00, 0x00,
  0x00, 0x00, 0x00, 0x00, 0x00, 0x00, 0x00, 0x00, 0x00, 0x00, 0x00, 0x00,
  0x00, 0x00, 0x00, 0x00, 0x00, 0x00, 0x00, 0x00, 0x00, 0x00, 0x00, 0x00,
  0x00, 0x00, 0x00, 0x00, 0x00, 0x00, 0x00, 0x00, 0x00, 0x00, 0x00, 0x00,
  0x00, 0x00, 0x00, 0x00, 0x00, 0x00, 0x00, 0x00, 0x00, 0x00, 0x00, 0x00,
  0x00, 0x00, 0x00, 0x00, 0x00, 0x00, 0x00, 0x00, 0x00, 0x00, 0x00, 0x00,
  0x00, 0x00, 0x00, 0x00, 0x00, 0x00, 0x00, 0x00, 0x00, 0x00, 0x00, 0x00,
  0x00, 0x00, 0x00, 0x00, 0x00, 0x00, 0x00, 0x00, 0x00, 0x00, 0x00, 0x00,
  0x00, 0x00, 0x00, 0x00, 0x00, 0x00, 0x00, 0x00, 0x00, 0x00, 0x00, 0x00,
  0x00, 0x00, 0x00, 0x00, 0x00, 0x00, 0x00, 0x00, 0x00, 0x00, 0x00, 0x00,
  0x00, 0x00, 0x00, 0x00, 0x00, 0x00, 0x00, 0x00, 0x00, 0x00, 0x00, 0x00,
  0x00, 0x00, 0x00, 0x00, 0x00, 0x00, 0x00, 0x00, 0x00, 0x00, 0x00, 0x00,
  0x00, 0x00, 0x00, 0x00, 0x00, 0x00, 0x00, 0x00, 0x00, 0x00, 0x00, 0x00,
  0x00, 0x00, 0x00, 0x00, 0x00, 0x00, 0x00, 0x00, 0x00, 0x00, 0x00, 0x00,
  0x00, 0x00, 0x00, 0x00, 0x00, 0x00, 0x00, 0x00, 0x00, 0x00, 0x00, 0x00,
  0x00, 0x00, 0x00, 0x00, 0x00, 0x00, 0x00, 0x00, 0x00, 0x00, 0x00, 0x00,
  0x00, 0x00, 0x00, 0x00, 0x00, 0x00, 0x00, 0x00, 0x00, 0x00, 0x00, 0x00,
  0x00, 0x00, 0x00, 0x00, 0x00, 0x00, 0x00, 0x00, 0x00, 0x00, 0x00, 0x00,
  0x00, 0x00, 0x00, 0x00, 0x00, 0x00, 0x00, 0x00, 0x00, 0x00, 0x00, 0x00,
  0x00, 0x00, 0x00, 0x00, 0x00, 0x00, 0x00, 0x00, 0x00, 0x00, 0x00, 0x00,
  0x00, 0x00, 0x00, 0x00, 0x00, 0x00, 0x00, 0x00, 0x00, 0x00, 0x00, 0x00,
  0x00, 0x00, 0x00, 0x00, 0x00, 0x00, 0x00, 0x00, 0x00, 0x00, 0x00, 0x00,
  0x00, 0x00, 0x00, 0x00, 0x00, 0x00, 0x00, 0x00, 0x00, 0x00, 0x00, 0x00,
  0x00, 0x00, 0x00, 0x00, 0x00, 0x00, 0x00, 0x00, 0x00, 0x00, 0x00, 0x00,
  0x00, 0x00, 0x00, 0x00, 0x00, 0x00, 0x00, 0x00, 0x00, 0x00, 0x00, 0x00,
  0x00, 0x00, 0x00, 0x00, 0x00, 0x00, 0x00, 0x00, 0x00, 0x00, 0x00, 0x00,
  0x00, 0x00, 0x00, 0x00, 0x00, 0x00, 0x00, 0x00, 0x00, 0x00, 0x00, 0x00,
  0x00, 0x00, 0x00, 0x00, 0x00, 0x00, 0x00, 0x00, 0x00, 0x00, 0x00, 0x00,
  0x00, 0x00, 0x00, 0x00, 0x00, 0x00, 0x00, 0x00, 0x00, 0x00, 0x00, 0x00,
  0x00, 0x00, 0x00, 0x00, 0x00, 0x00, 0x00, 0x00, 0x00, 0x00, 0x00, 0x00,
  0x00, 0x00, 0x00, 0x00, 0x00, 0x00, 0x00, 0x00, 0x00, 0x00, 0x00, 0x00,
  0x00, 0x00, 0x00, 0x00, 0x00, 0x00, 0x00, 0x00, 0x00, 0x00, 0x00, 0x00,
  0x00, 0x00, 0x00, 0x00, 0x00, 0x00, 0x00, 0x00, 0x00, 0x00, 0x00, 0x00,
  0x00, 0x00, 0x00, 0x00, 0x00, 0x00, 0x00, 0x00, 0x00, 0x00, 0x00, 0x00,
  0x00, 0x00, 0x00, 0x00, 0x00, 0x00, 0x00, 0x00, 0x00, 0x00, 0x00, 0x00,
  0x00, 0x00, 0x00, 0x00, 0x00, 0x00, 0x00, 0x00, 0x00, 0x00, 0x00, 0x00,
  0x00, 0x00, 0x00, 0x00, 0x00, 0x00, 0x00, 0x00, 0x00, 0x00, 0x00, 0x00,
  0x00, 0x00, 0x00, 0x00, 0x00, 0x00, 0x00, 0x00, 0x00, 0x00, 0x00, 0x00,
  0x00, 0x00, 0x00, 0x00, 0x00, 0x00, 0x00, 0x00, 0x00, 0x00, 0x00, 0x00,
  0x00, 0x00, 0x00, 0x00, 0x00, 0x00, 0x00, 0x00, 0x00, 0x00, 0x00, 0x00,
  0x00, 0x00, 0x00, 0x00, 0x00, 0x00, 0x00, 0x00, 0x00, 0x00, 0x00, 0x00,
  0x00, 0x00, 0x00, 0x00, 0x00, 0x00, 0x00, 0x00, 0x00, 0x00, 0x00, 0x00,
  0x00, 0x00, 0x00, 0x00, 0x00, 0x00, 0x00, 0x00, 0x00, 0x00, 0x00, 0x00,
  0x00, 0x00, 0x00, 0x00, 0x00, 0x00, 0x00, 0x00, 0x00, 0x00, 0x00, 0x00,
  0x00, 0x00, 0x00, 0x00, 0x00, 0x00, 0x00, 0x00, 0x00, 0x00, 0x00, 0x00,
  0x00, 0x00, 0x00, 0x00, 0x00, 0x00, 0x00, 0x00, 0x00, 0x00, 0x00, 0x00,
  0x00, 0x00, 0x00, 0x00, 0x00, 0x00, 0x00, 0x00, 0x00, 0x00, 0x00, 0x00,
  0x00, 0x00, 0x00, 0x00, 0x00, 0x00, 0x00, 0x00, 0x00, 0x00, 0x00, 0x00,
  0x00, 0x00, 0x00, 0x00, 0x00, 0x00, 0x00, 0x00, 0x00, 0x00, 0x00, 0x00,
  0x00, 0x00, 0x00, 0x00, 0x00, 0x00, 0x00, 0x00, 0x00, 0x00, 0x00, 0x00,
  0x00, 0x00, 0x00, 0x00, 0x00, 0x00, 0x00, 0x00, 0x00, 0x00, 0x00, 0x00,
  0x00, 0x00, 0x00, 0x00, 0x00, 0x00, 0x00, 0x00, 0x00, 0x00, 0x00, 0x00,
  0x00, 0x00, 0x00, 0x00, 0x00, 0x00, 0x00, 0x00, 0x00, 0x00, 0x00, 0x00,
  0x00, 0x00, 0x00, 0x00, 0x00, 0x00, 0x00, 0x00, 0x00, 0x00, 0x00, 0x00,
  0x00, 0x00, 0x00, 0x00, 0x00, 0x00, 0x00, 0x00, 0x00, 0x00, 0x00, 0x00,
  0x00, 0x00, 0x00, 0x00, 0x00, 0x00, 0x00, 0x00, 0x00, 0x00, 0x00, 0x00,
  0x00, 0x00, 0x00, 0x00, 0x00, 0x00, 0x00, 0x00, 0x00, 0x00, 0x00, 0x00,
  0x00, 0x00, 0x00, 0x00, 0x00, 0x00, 0x00, 0x00, 0x00, 0x00, 0x00, 0x00,
  0x00, 0x00, 0x00, 0x00, 0x00, 0x00, 0x00, 0x00, 0x00, 0x00, 0x00, 0x00,
  0x00, 0x00, 0x00, 0x00, 0x00, 0x00, 0x00, 0x00, 0x00, 0x00, 0x00, 0x00,
  0x00, 0x00, 0x00, 0x00, 0x00, 0x00, 0x00, 0x00, 0x00, 0x00, 0x00, 0x00,
  0x00, 0x00, 0x00, 0x00, 0x00, 0x00, 0x00, 0x00, 0x00, 0x00, 0x00, 0x00,
  0x00, 0x00, 0x00, 0x00, 0x00, 0x00, 0x00, 0x00, 0x00, 0x00, 0x00, 0x00,
  0x00, 0x00, 0x00, 0x00, 0x00, 0x00, 0x00, 0x00, 0x00, 0x00, 0x00, 0x00,
  0x00, 0x00, 0x00, 0x00, 0x00, 0x00, 0x00, 0x00, 0x00, 0x00, 0x00, 0x00,
  0x00, 0x00, 0x00, 0x00, 0x00, 0x00, 0x00, 0x00, 0x00, 0x00, 0x00, 0x00,
  0x00, 0x00, 0x00, 0x00, 0x00, 0x00, 0x00, 0x00, 0x00, 0x00, 0x00, 0x00,
  0x00, 0x00, 0x00, 0x00, 0x00, 0x00, 0x00, 0x00, 0x00, 0x00, 0x00, 0x00,
  0x00, 0x00, 0x00, 0x00, 0x00, 0x00, 0x00, 0x00, 0x00, 0x00, 0x00, 0x00,
  0x00, 0x00, 0x00, 0x00,
};
unsigned int AppIcon_width = 64;
unsigned int AppIcon_height = 64;
unsigned int AppIcon_data_len = 16384;

SDL_Surface *CreateAppIconSurface()
{
	int pitch = static_cast<int>(AppIcon_width) * 4;
	return SDL_CreateSurfaceFrom(static_cast<int>(AppIcon_width), static_cast<int>(AppIcon_height),
								 SDL_PIXELFORMAT_RGBA32, AppIcon_data, pitch);
}
